Categoria,Nome do Modelo,Preço,Link
Óculos de Grau,AVIATOR OPTICS,"R$ 920,00",https://www.ray-ban.com/brazil/graduados/RX6489aviator%20optics-prata/8053672741872
Óculos de Grau,RB3928V OPTICS BY A$AP ROCKY,"R$ 1.090,00",https://www.ray-ban.com/brazil/graduados/RX3928Vrb3928v%20optics%20by%20asap%20rocky-prata/8056262905371
Óculos de Grau,ROMY OPTICS BIO-BASED,"R$ 770,00",https://www.ray-ban.com/brazil/graduados/RX7265romy%20optics%20bio-based-havana/8056262835616
Óculos de Grau,RB3768V OPTICS,"R$ 860,00",https://www.ray-ban.com/brazil/graduados/RX3768Vrb3768v%20optics-cinza/8056262562413
Óculos de Grau,WAYFARER EASE OPTICS,"R$ 920,00",https://www.ray-ban.com/brazil/graduados/RX4340Vwayfarer%20ease%20optics-preto/8053672808469
Óculos de Grau,CLUBMASTER OPTICS,"R$ 970,00",https://www.ray-ban.com/brazil/graduados/RX5154clubmaster%20optics-havana%20e%20ouro/8056262884676
Óculos de Grau,RB7255 OPTICS,"R$ 728,00",https://www.ray-ban.com/brazil/graduados/RX7255rb7255%20optics-cinza%20transparente/8056262453742
Óculos de Grau,RAY-BAN META WAYFARER - GEN 2,"R$ 3.989,00",https://www.ray-ban.com/brazil/electronics/RW4012ray-ban%20meta%20wayfarer%20-%20gen%202-cinza%20transparente/8056262909898
Óculos de Grau,ELLIOT OPTICS,"R$ 920,00",https://www.ray-ban.com/brazil/graduados/RX5397elliot%20optics-transparente/8056262884379
Óculos de Grau,RB3927V OPTICS BY A$AP ROCKY,"R$ 970,00",https://www.ray-ban.com/brazil/graduados/RX3927Vrb3927v%20optics%20by%20asap%20rocky-dourado-arista/8056262904183
Óculos de Grau,DREA OPTICS BIO-BASED,"R$ 770,00",https://www.ray-ban.com/brazil/graduados/RX6552drea%20optics%20bio-based-prata/8056262836064
Óculos de Grau,RAY-BAN META HEADLINER - GEN 2,"R$ 3.989,00",https://www.ray-ban.com/brazil/electronics/RW4013ray-ban%20meta%20headliner%20-%20gen%202-pêssego/8056262909805
Óculos de Grau,BILL OPTICS,"R$ 920,00",https://www.ray-ban.com/brazil/graduados/RX5698bill%20optics-havana/8056262835142
Óculos de Grau,RB5430 OPTICS,"R$ 920,00",https://www.ray-ban.com/brazil/graduados/RX5430rb5430%20optics-transparente/8056262884157
Óculos de Grau,ROUND METAL OPTICS,"R$ 920,00",https://www.ray-ban.com/brazil/graduados/RX3447Vround%20metal%20optics-ouro%20rosado/7895653251403
Óculos de Grau,ZENA OPTICS BIO-BASED,"R$ 770,00",https://www.ray-ban.com/brazil/graduados/RX7330zena%20optics%20bio-based-havana/8056262018071
Óculos de Grau,RB3929V OPTICS BY A$AP ROCKY,"R$ 1.090,00",https://www.ray-ban.com/brazil/graduados/RX3929Vrb3929v%20optics%20by%20asap%20rocky-dourado-arista/8056262905517
Óculos de Grau,AVIATOR MAX OPTICS,"R$ 970,00",https://www.ray-ban.com/brazil/graduados/RX3925Vaviator%20max%20optics-prata/8056262664056
Óculos de Grau,RB3931V OPTICS BY A$AP ROCKY,"R$ 970,00",https://www.ray-ban.com/brazil/graduados/RX3931Vrb3931v%20optics%20by%20asap%20rocky-prata/8056262904176
Óculos de Grau,GERMAN OPTICS,"R$ 920,00",https://www.ray-ban.com/brazil/graduados/RX5429german%20optics-havana/8056262034040
Óculos de Grau,RB7027 OPTICS,"R$ 650,00",https://www.ray-ban.com/brazil/graduados/RX7027L%20MALE%20rb7027%20optics-preto/7895653130388
Óculos de Grau,NEW CLUBMASTER OPTICS,"R$ 970,00",https://www.ray-ban.com/brazil/graduados/RX7216new%20clubmaster%20optics-preto%20sobre%20prata/8056597956802
Óculos de Grau,RB7206L OPTICS,"R$ 620,00",https://www.ray-ban.com/brazil/graduados/RX7206Lrb7206l%20optics-havana-escuro/7895653247178
Óculos de Grau,RAY-BAN META SKYLER - GEN 2,"R$ 3.989,00",https://www.ray-ban.com/brazil/electronics/RW4014ray-ban%20meta%20skyler%20-%20gen%202-pêssego/8056262909874
Óculos de Grau,RB7266D OPTICS,"R$ 830,00",https://www.ray-ban.com/brazil/graduados/RX7266Drb7266d%20optics-havana/8056262845677
Óculos de Grau,ERIKA OPTICS,"R$ 770,00",https://www.ray-ban.com/brazil/graduados/RX7046erika%20optics-violeta%20transparente/7895653352926
Óculos de Grau,OVAL OPTICS,"R$ 920,00",https://www.ray-ban.com/brazil/graduados/RX3547Voval%20optics-ouro%20rosado/8056262884706
Óculos de Grau,RB7252 OPTICS,"R$ 620,00",https://www.ray-ban.com/brazil/graduados/RX7252Lrb7252%20optics-rosa/7895653351387
Óculos de Grau,EXPLORER III OPTICS,"R$ 920,00",https://www.ray-ban.com/brazil/graduados/RX6579explorer%20iii%20optics-preto/8056262836422
Óculos de Grau,RB6551D OPTICS,"R$ 830,00",https://www.ray-ban.com/brazil/graduados/RX6551Drb6551d%20optics-ouro-pálido/8056262846148
Óculos de Grau,RB8784D TITANIUM OPTICS,"R$ 970,00",https://www.ray-ban.com/brazil/graduados/RX8784Drb8784d%20titanium%20optics-preto/8056262844441
Óculos de Grau,RB7047 OPTICS,"R$ 539,00",https://www.ray-ban.com/brazil/graduados/RX7047rb7047%20optics-havana%20claro/8053672496888
Óculos de Grau,RB5435 OPTICS,"R$ 830,00",https://www.ray-ban.com/brazil/graduados/RX5435rb5435%20optics-vinho%20transparente/8056262889534
Óculos de Grau,RB3774D OPTICS,"R$ 860,00",https://www.ray-ban.com/brazil/graduados/RX3774VDrb3774d%20optics-ouro%20rosado/8056262840221
Óculos de Grau,ELLIOT OPTICS LITEFORCE,"R$ 1.090,00",https://www.ray-ban.com/brazil/graduados/RX7397elliot%20optics%20liteforce-preto%20areado/8056262846841
Óculos de Grau,RB8424 OPTICS,"R$ 1.210,00",https://www.ray-ban.com/brazil/graduados/RX8424rb8424%20optics-preto%20fosco%20e%20prata/8056262836996
Óculos de Grau,RB8423 OPTICS,"R$ 1.210,00",https://www.ray-ban.com/brazil/graduados/RX8423rb8423%20optics-chumbo/8056262836965
Óculos de Grau,RB7268 OPTICS,"R$ 770,00",https://www.ray-ban.com/brazil/graduados/RX7268Lrb7268%20optics-cristal/7895653352216
Óculos de Grau,RB2223V OPTICS,"R$ 920,00",https://www.ray-ban.com/brazil/graduados/RX2223Vrb2223v%20optics-havana%20rosa-opalino/8056262836491
Óculos de Grau,HEXAGONAL OPTICS,"R$ 920,00",https://www.ray-ban.com/brazil/graduados/RX6448hexagonal%20optics-marrom/7895653352841
Óculos de Grau,RB5362 OPTICS,"R$ 1.040,00",https://www.ray-ban.com/brazil/graduados/RX5362rb5362%20optics-havana%20rosa-opalino/8056262886540
Óculos de Grau,RB5428 OPTICS,"R$ 970,00",https://www.ray-ban.com/brazil/graduados/RX5428rb5428%20optics-cinza-acastanhado%20transparente/8056262884485
Óculos de Grau,RB5421 OPTICS,"R$ 920,00",https://www.ray-ban.com/brazil/graduados/RX5421rb5421%20optics-azul%20sobre%20transparente/8056262884126
Óculos de Grau,NEW CARAVAN OPTICS,"R$ 970,00",https://www.ray-ban.com/brazil/graduados/RX3636Vnew%20caravan%20optics-prata/8056597641227
Óculos de Grau,RB4415VL OPTICS,"R$ 710,00",https://www.ray-ban.com/brazil/graduados/RX4415VLrb4415vl%20optics-rosa%20translúcido/7895653279636
Óculos de Grau,RB6421 OPTICS,"R$ 920,00",https://www.ray-ban.com/brazil/graduados/RX6421rb6421%20optics-preto%20e%20ouro/8056262884973
Óculos de Grau,THALIA OPTICS,"R$ 644,00",https://www.ray-ban.com/brazil/graduados/RX5395thalia%20optics-rosa%20listrado/8056262056325
Óculos de Grau,RB7269 OPTICS,"R$ 620,00",https://www.ray-ban.com/brazil/graduados/RX7269Lrb7269%20optics-caramelo%20translúcido%20brilhante/7895653352278
Óculos de Grau,RB7159 OPTICS,"R$ 970,00",https://www.ray-ban.com/brazil/graduados/RX7159rb7159%20optics-transparente/8056262888469
Óculos de Grau,RB5451 OPTICS,"R$ 820,00",https://www.ray-ban.com/brazil/graduados/RX5451rb5451%20optics-preto/8056262835081
Óculos de Grau,RB7270 OPTICS,"R$ 620,00",https://www.ray-ban.com/brazil/graduados/RX7270Lrb7270%20optics-cinza-claro%20translúcido%20fosco/7895653352339
Óculos de Grau,RB5453D OPTICS,"R$ 920,00",https://www.ray-ban.com/brazil/graduados/RX5453Drb5453d%20optics-havana/8056262838426
Óculos de Grau,RB7246 OPTICS,"R$ 770,00",https://www.ray-ban.com/brazil/graduados/RX7246Lrb7246%20optics-caramelo/7895653351370
Óculos de Grau,ALAIN OPTICS,"R$ 770,00",https://www.ray-ban.com/brazil/graduados/RX7239alain%20optics-azul%20transparente/8056262888834
Óculos de Grau,RB6550 OPTICS,"R$ 920,00",https://www.ray-ban.com/brazil/graduados/RX6550rb6550%20optics-prata/8056262836255
Óculos de Grau,RB5422 OPTICS,"R$ 920,00",https://www.ray-ban.com/brazil/graduados/RX5422rb5422%20optics-natural%20opalino/8056262885048
Óculos de Grau,RB7133 OPTICS,"R$ 710,00",https://www.ray-ban.com/brazil/graduados/RX7133L%20MALE%20rb7133%20optics-azul/8056262815601
Óculos de Grau,RB6548 OPTICS,"R$ 860,00",https://www.ray-ban.com/brazil/graduados/RX6548rb6548%20optics-preto/8056262835777
Óculos de Grau,RB8425M OPTICS SCUDERIA FERRARI COLLECTION,"R$ 1.390,00",https://www.ray-ban.com/brazil/graduados/RX8425Mrb8425m%20optics%20scuderia%20ferrari%20collection-preto%20fosco/8056262888483
Óculos de Grau,RB6549 OPTICS,"R$ 860,00",https://www.ray-ban.com/brazil/graduados/RX6549rb6549%20optics-dourado-arista/8056262835869
Óculos de Grau,JIM OPTICS,"R$ 920,00",https://www.ray-ban.com/brazil/graduados/RX3694Vjim%20optics-marrom/8056262884720
Óculos de Grau,RAIMOND OPTICS,"R$ 920,00",https://www.ray-ban.com/brazil/graduados/RX5431raimond%20optics-transparente/8056262884218
Óculos de Grau,RB6513 OPTICS,"R$ 1.090,00",https://www.ray-ban.com/brazil/graduados/RX6513rb6513%20optics-brown%20&%20gunmetal/8056262885536
Óculos de Grau,MEGA WAYFARER II OPTICS,"R$ 970,00",https://www.ray-ban.com/brazil/graduados/RX0832Vmega%20wayfarer%20ii%20optics-transparent%20taupe%20beige/8056262836392
Óculos de Grau,RB5277 OPTICS,"R$ 920,00",https://www.ray-ban.com/brazil/graduados/RX5277rb5277%20optics-preto%20areado/8053672081299
Óculos de Grau,RB8908 OPTICS,"R$ 1.210,00",https://www.ray-ban.com/brazil/graduados/RX8908rb8908%20optics-cinza%20transparente%20fosco/8056262662496
Óculos de Grau,RB5450 OPTICS,"R$ 820,00",https://www.ray-ban.com/brazil/graduados/RX5450rb5450%20optics-transparente/8056262835197
Óculos de Grau,RB5528M OPTICS SCUDERIA FERRARI COLLECTION,"R$ 1.270,00",https://www.ray-ban.com/brazil/graduados/RX5528Mrb5528m%20optics%20scuderia%20ferrari%20collection-transparente/8056262888582
Óculos de Grau,BRIX OPTICS BIO-BASED,"R$ 770,00",https://www.ray-ban.com/brazil/graduados/RX6553brix%20optics%20bio-based-ouro-pálido/8056262836194
Óculos de Grau,RB6519M OPTICS SCUDERIA FERRARI COLLECTION,"R$ 1.270,00",https://www.ray-ban.com/brazil/graduados/RX6519Mrb6519m%20optics%20scuderia%20ferrari%20collection-prata/8056262888568
Óculos de Grau,RB7017 OPTICS,"R$ 970,00",https://www.ray-ban.com/brazil/graduados/RX7017rb7017%20optics-transparente/8056597469265
Óculos de Grau,RB7243L OPTICS,"R$ 620,00",https://www.ray-ban.com/brazil/graduados/RX7243Lrb7243l%20optics-azul-escuro/7895653288515
Óculos de Grau,RAY-BAN META LOW BRIDGE FIT HEADLINER - GEN 2,"R$ 3.499,00",https://www.ray-ban.com/brazil/electronics/RW4013Fray-ban%20meta%20low%20bridge%20fit%20headliner%20-%20gen%202-preto/8056262720011
Óculos de Grau,RB7252L OPTICS,"R$ 620,00",https://www.ray-ban.com/brazil/graduados/RX7252Lrb7252l%20optics-marrom%20translúcido/7895653328686
Óculos de Grau,RB6355 OPTICS,"R$ 1.040,00",https://www.ray-ban.com/brazil/graduados/RX6355rb6355%20optics-chumbo/8053672499506
Óculos de Grau,RB7220 OPTICS,"R$ 920,00",https://www.ray-ban.com/brazil/graduados/RX7220Lrb7220%20optics-havana-escuro/7895653260436
Óculos de Grau,RB7553 OPTICS,"R$ 1.210,00",https://www.ray-ban.com/brazil/graduados/RX7553rb7553%20optics-preto/8056262565773
Óculos de Grau,RB5268 OPTICS,"R$ 770,00",https://www.ray-ban.com/brazil/graduados/RX5268rb5268%20optics-havana/8056597953054
Óculos de Grau,RB5279 OPTICS,"R$ 970,00",https://www.ray-ban.com/brazil/graduados/RX5279rb5279%20optics-preto/713132442975
Óculos de Grau,RB6516M OPTICS SCUDERIA FERRARI COLLECTION,"R$ 1.270,00",https://www.ray-ban.com/brazil/graduados/RX6516Mrb6516m%20optics%20scuderia%20ferrari%20collection-preto/8056597930932
Óculos de Grau,JACK OPTICS,"R$ 920,00",https://www.ray-ban.com/brazil/graduados/RX6465jack%20optics-preto%20fosco%20sobre%20arista/8056597660686
Óculos de Grau,RB6335 OPTICS,"R$ 920,00",https://www.ray-ban.com/brazil/graduados/RX6335rb6335%20optics-preto%20sobre%20ouro/8053672604856
Óculos de Grau,RB5448 OPTICS,"R$ 860,00",https://www.ray-ban.com/brazil/graduados/RX5448rb5448%20optics-havana/8056262561669
Óculos de Grau,RB3767V OPTICS,"R$ 860,00",https://www.ray-ban.com/brazil/graduados/RX3767Vrb3767v%20optics-dourado-arista/8056262562482
Óculos de Grau,RB6543 OPTICS,"R$ 820,00",https://www.ray-ban.com/brazil/graduados/RX6543rb6543%20optics-dourado-arista/8056262562857
Óculos de Grau,RB7199 OPTICS,"R$ 1.090,00",https://www.ray-ban.com/brazil/graduados/RX7199rb7199%20optics-preto/8056597519045
Óculos de Grau,RB8901 OPTICS,"R$ 1.210,00",https://www.ray-ban.com/brazil/graduados/RX8901rb8901%20optics-preto/8053672187670
Óculos de Grau,RB5169 OPTICS,"R$ 460,00",https://www.ray-ban.com/brazil/graduados/RX5169rb5169%20optics-azul/8053672927856
Óculos de Grau,JOSEPH OPTICS,"R$ 1.510,00",https://www.ray-ban.com/brazil/graduados/RX7683Vjoseph%20optics-preto/8056262275252
Óculos de Grau,RB7206 OPTICS,"R$ 620,00",https://www.ray-ban.com/brazil/graduados/RX7206Lrb7206%20optics-marrom/7895653247192
Óculos de Grau,RB6621M OPTICS SCUDERIA FERRARI COLLECTION,"R$ 1.270,00",https://www.ray-ban.com/brazil/graduados/RX6621Mrb6621m%20optics%20scuderia%20ferrari%20collection-preto%20fosco%20sobre%20preto/8056262666715
Óculos de Grau,RB7246L OPTICS,"R$ 770,00",https://www.ray-ban.com/brazil/graduados/RX7246Lrb7246l%20optics-cristal/7895653320093
Óculos de Grau,RB7219 OPTICS,"R$ 710,00",https://www.ray-ban.com/brazil/graduados/RX7219Lrb7219%20optics-preto/7895653260375
Óculos de Grau,MEGA WAYFARER OPTICS,"R$ 970,00",https://www.ray-ban.com/brazil/graduados/RX0840Vmega%20wayfarer%20optics-havana%20listrado/8056597891103
Óculos de Grau,RB6375 OPTICS,"R$ 830,00",https://www.ray-ban.com/brazil/graduados/RX6375rb6375%20optics-preto/8053672767872
Óculos de Grau,RB8416M SCUDERIA FERRARI COLLECTION,"R$ 1.040,00",https://www.ray-ban.com/brazil/graduados/RX8416M%20MALE%20rb8416m%20scuderia%20ferrari%20collection-preto/8056597147750
Óculos de Grau,RB7074 OPTICS,"R$ 770,00",https://www.ray-ban.com/brazil/graduados/RX7074rb7074%20optics-preto%20emborrachado/8053672552171
Óculos de Grau,RB7245 OPTICS,"R$ 770,00",https://www.ray-ban.com/brazil/graduados/RX7245Lrb7245%20optics-azul-marinho%20fosco/7895653335912
Óculos de Grau,RB7185,"R$ 710,00",https://www.ray-ban.com/brazil/graduados/RX7185rb7185-havana/8056597360005
Óculos de Grau,RB7262 OPTICS,"R$ 620,00",https://www.ray-ban.com/brazil/graduados/RX7262Lrb7262%20optics-havana-escuro%20fosco/7895653342484
Óculos de Grau,RB7066 OPTICS,"R$ 770,00",https://www.ray-ban.com/brazil/graduados/RX7066rb7066%20optics-havana/8053672503425
Óculos de Grau,SAM OPTICS,"R$ 920,00",https://www.ray-ban.com/brazil/graduados/RX5432sam%20optics-havana/8056262272022
Óculos de Grau,RB5418 OPTICS,"R$ 460,00",https://www.ray-ban.com/brazil/graduados/RX5418rb5418%20optics-verde%20e%20marrom%20listrado/8056597827119
Óculos de Grau,RB5435 OPTICS CHANGE,"R$ 791,00",https://www.ray-ban.com/brazil/graduados/RX5435rb5435%20optics%20change-fotocromática%20azul-clara%20listrada/8056262521922
Óculos de Grau,WILLIAM TITANIUM OPTICS,"R$ 2.100,00",https://www.ray-ban.com/brazil/graduados/RX8797william%20titanium%20optics-prata/8056262281833
Óculos de Grau,MEGA HAWKEYE OPTICS,"R$ 485,00",https://www.ray-ban.com/brazil/graduados/RX0298Vmega%20hawkeye%20optics-cinza%20sobre%20transparente/8056597942904
Óculos de Grau,WAYFARER DELUXE OPTICS,"R$ 970,00",https://www.ray-ban.com/brazil/graduados/RX3875Vwayfarer%20deluxe%20optics-gunmetal%20jateado/8056262446683
Óculos de Grau,RB5362 OPTICS,"R$ 830,00",https://www.ray-ban.com/brazil/graduados/RX5406rb5362%20optics-cinza%20sobre%20transparente/8056597643320
Óculos de Grau,MEGA WAYFARER OPTICS LITEFORCE,"R$ 872,00",https://www.ray-ban.com/brazil/graduados/RX7840Vmega%20wayfarer%20optics%20liteforce-cinza%20areado/8056262276761
Óculos de Grau,RB7245L OPTICS,"R$ 539,00",https://www.ray-ban.com/brazil/graduados/RX7245Lrb7245l%20optics-havana-escuro/7895653320116
Óculos de Grau,RB5417 OPTICS,"R$ 644,00",https://www.ray-ban.com/brazil/graduados/RX5417rb5417%20optics-azul%20sobre%20azul%20transparente/8056262056523
Óculos de Grau,RB7251L OPTICS,"R$ 476,00",https://www.ray-ban.com/brazil/graduados/RX7251Lrb7251l%20optics-azul%20translúcido/7895653320727
Óculos de Grau,RB7199 OPTICS LITEFORCE,"R$ 763,00",https://www.ray-ban.com/brazil/graduados/RX7199rb7199%20optics%20liteforce-violeta-escuro%20fosco/8056262472651
Óculos de Grau,RB6529 OPTICS,"R$ 581,00",https://www.ray-ban.com/brazil/graduados/RX6529rb6529%20optics-cobre/8056262276938
Óculos de Grau,LEONARD OPTICS,"R$ 920,00",https://www.ray-ban.com/brazil/graduados/RX5393leonard%20optics-preto/8056597317818
Óculos de Grau,RB4378V OPTICS,"R$ 539,00",https://www.ray-ban.com/brazil/graduados/RX4378Vrb4378v%20optics-azul-claro%20opalino/7895653323575
Óculos de Grau,RB6496 OPTICS,"R$ 644,00",https://www.ray-ban.com/brazil/graduados/RX6496rb6496%20optics-ouro%20rosado/8056597841108
Óculos de Grau,BALORETTE OPTICS,"R$ 460,00",https://www.ray-ban.com/brazil/graduados/RX5489balorette%20optics-marrom%20listrado/8056262270875
Óculos de Grau,RB5228 OPTICS,"R$ 970,00",https://www.ray-ban.com/brazil/graduados/RX5228rb5228%20optics-preto/8053672234749
Óculos de Grau,RB7140 OPTICS,"R$ 1.040,00",https://www.ray-ban.com/brazil/graduados/RX7140rb7140%20optics-marrom-claro/8056597469548
Óculos de Grau,RB8724 OPTICS,"R$ 1.150,00",https://www.ray-ban.com/brazil/graduados/RX8724rb8724%20optics-chumbo/8053672164718
Óculos de Grau,RB7242L OPTICS,"R$ 620,00",https://www.ray-ban.com/brazil/graduados/RX7242Lrb7242l%20optics-transparente/7895653288492
Óculos de Grau,RB6466 OPTICS,"R$ 970,00",https://www.ray-ban.com/brazil/graduados/RX6466rb6466%20optics-bege%20sobre%20cobre/8056597360265
Óculos de Grau,RB7552 OPTICS,"R$ 1.210,00",https://www.ray-ban.com/brazil/graduados/RX7552rb7552%20optics-preto/8056262571804
Óculos de Grau,SKYLER OPTICS,"R$ 920,00",https://www.ray-ban.com/brazil/graduados/RX5510skyler%20optics-havana/8056262489178
Óculos de Grau,RB6285 OPTICS,"R$ 970,00",https://www.ray-ban.com/brazil/graduados/RX6285rb6285%20optics-preto/8053672187236
Óculos de Grau,RB3681 OPTICS,"R$ 710,00",https://www.ray-ban.com/brazil/graduados/RX3681Vrb3681%20optics-prata/8056597541183
Óculos de Grau,RB5447 OPTICS,"R$ 860,00",https://www.ray-ban.com/brazil/graduados/RX5447rb5447%20optics-preto%20sobre%20transparente/8056262561485
Óculos de Grau,ROUND GAZE,"R$ 920,00",https://www.ray-ban.com/brazil/graduados/RX3947Vround%20gaze-dourado-arista/8053672971071
Óculos de Grau,RB5441 OPTICS,"R$ 830,00",https://www.ray-ban.com/brazil/graduados/RX5441rb5441%20optics-preto/8056262413777
Óculos de Grau,AVIATOR TITANIUM OPTICS,"R$ 2.100,00",https://www.ray-ban.com/brazil/graduados/RX8789aviator%20titanium%20optics-dourado-arista/8056262032329
Óculos de Grau,CHAD OPTICS BIO-BASED,"R$ 830,00",https://www.ray-ban.com/brazil/graduados/RX7217chad%20optics%20bio-based-azul-escuro%20transparente/8056597843003
Óculos de Grau,RB6535L OPTICS,"R$ 860,00",https://www.ray-ban.com/brazil/graduados/RX6535Lrb6535l%20optics-chumbo-escuro%20fosco/7895653328549
Óculos de Grau,RB7202 OPTICS,"R$ 620,00",https://www.ray-ban.com/brazil/graduados/RX7202Lrb7202%20optics-bege-claro/7895653235687
Óculos de Grau,RB6534 OPTICS,"R$ 830,00",https://www.ray-ban.com/brazil/graduados/RX6534rb6534%20optics-preto/8056262413906
Óculos de Grau,RB5387 OPTICS,"R$ 770,00",https://www.ray-ban.com/brazil/graduados/RX5387rb5387%20optics-transparente/8056597368063
Óculos de Grau,RB2210V OPTICS,"R$ 830,00",https://www.ray-ban.com/brazil/graduados/RX2210Vrb2210v%20optics-havana/8056262039823
Óculos de Grau,RB6494 OPTICS,"R$ 1.040,00",https://www.ray-ban.com/brazil/graduados/RX6494rb6494%20optics-preto/8056597840729
Óculos de Grau,RB8725 OPTICS,"R$ 1.210,00",https://www.ray-ban.com/brazil/graduados/RX8725rb8725%20optics-marrom-claro/8053672234640
Óculos de Grau,RB8416 OPTICS,"R$ 1.210,00",https://www.ray-ban.com/brazil/graduados/RX8416rb8416%20optics-preto%20sobre%20chumbo/8053672667684
Óculos de Grau,RB7208 OPTICS,"R$ 545,00",https://www.ray-ban.com/brazil/graduados/RX7208rb7208%20optics-verde/8056597730365
Óculos de Grau,EXPLORER IV OPTICS,"R$ 920,00",https://www.ray-ban.com/brazil/graduados/RX6645explorer%20iv%20optics-ouro%20legend/8056262562741
Óculos de Grau,RB7261 OPTICS,"R$ 620,00",https://www.ray-ban.com/brazil/graduados/RX7261Lrb7261%20optics-marrom%20translúcido/7895653342361
Óculos de Grau,RB7203 OPTICS,"R$ 620,00",https://www.ray-ban.com/brazil/graduados/RX7203Lrb7203%20optics-preto/7895653236332
Óculos de Grau,CLUBMASTER OPTICS CHANGE,"R$ 1.270,00",https://www.ray-ban.com/brazil/graduados/RX5154clubmaster%20optics%20change-fotocromática%20ondas%20roxas/8056262520116
Óculos de Grau,RB5440 OPTICS,"R$ 830,00",https://www.ray-ban.com/brazil/graduados/RX5440rb5440%20optics-havana/8056262414262
Óculos de Grau,RB5433 OPTICS CHANGE,"R$ 1.130,00",https://www.ray-ban.com/brazil/graduados/RX5433rb5433%20optics%20change-fotocromática%20ondas%20roxas/8056262521540
Óculos de Grau,RB5446,"R$ 820,00",https://www.ray-ban.com/brazil/graduados/RX5446rb5446-preto/8056262561065
Óculos de Grau,RB4451V OPTICS,"R$ 1.040,00",https://www.ray-ban.com/brazil/graduados/RX4451Vrb4451v%20optics-preto/8056262417430
Óculos de Grau,RB5433 OPTICS,"R$ 830,00",https://www.ray-ban.com/brazil/graduados/RX5433rb5433%20optics-violeta%20sobre%20rosa%20transparente/8056262034323
Óculos de Grau,RB6363 OPTICS,"R$ 920,00",https://www.ray-ban.com/brazil/graduados/RX6363rb6363%20optics-preto/8056597210515
Óculos de Grau,RB6533 OPTICS,"R$ 581,00",https://www.ray-ban.com/brazil/graduados/RX6533rb6533%20optics-prata/8056262416884
Óculos de Grau,RB7025 OPTICS,"R$ 920,00",https://www.ray-ban.com/brazil/graduados/RX7025rb7025%20optics-preto/8053672496833
Óculos de Grau,RB7033 OPTICS,"R$ 650,00",https://www.ray-ban.com/brazil/graduados/RX7033L%20FEMALE%20rb7033%20optics-tartaruga/7895653181113
Óculos de Grau,RB6647 OPTICS,"R$ 920,00",https://www.ray-ban.com/brazil/graduados/RX6647rb6647%20optics-prata/8056262562673
Óculos de Grau,RB7190 OPTICS,"R$ 710,00",https://www.ray-ban.com/brazil/graduados/RX7190rb7190%20optics-havana/8056597434584
Óculos de Grau,WAYFARER EASE OPTICS CHANGE,"R$ 976,00",https://www.ray-ban.com/brazil/graduados/RX4340Vwayfarer%20ease%20optics%20change-fotocromática%20cinza%20listrada/8056262099032
Óculos de Grau,RB6396 OPTICS,"R$ 970,00",https://www.ray-ban.com/brazil/graduados/RX6396rb6396%20optics-dourado-arista/8056597210652
Óculos de Grau,RB7171 OPTICS,"R$ 710,00",https://www.ray-ban.com/brazil/graduados/RX7171L%20MALE%20rb7171%20optics-preto/7895653194625
Óculos de Grau,RB5445,"R$ 820,00",https://www.ray-ban.com/brazil/graduados/RX5445rb5445-preto/8056262561195
Óculos de Grau,RB5375 OPTICS,"R$ 970,00",https://www.ray-ban.com/brazil/graduados/RX5375rb5375%20optics-preto%20sobre%20transparente/8056597061872
Óculos de Grau,ARI OPTICS BIO-BASED,"R$ 770,00",https://www.ray-ban.com/brazil/graduados/RX3758Vari%20optics%20bio-based-ouro-pálido/8056262417577
Óculos de Grau,RB8903 OPTICS,"R$ 1.210,00",https://www.ray-ban.com/brazil/graduados/RX8903rb8903%20optics-preto/8053672667707
Óculos de Grau,SHEA OPTICS BIO-BASED,"R$ 539,00",https://www.ray-ban.com/brazil/graduados/RX7258shea%20optics%20bio-based-azul-claro/8056262417683
Óculos de Grau,JIM TITANIUM OPTICS,"R$ 1.470,00",https://www.ray-ban.com/brazil/graduados/RX8794jim%20titanium%20optics-prata/8056597954358
Óculos de Grau,RB6428 OPTICS,"R$ 920,00",https://www.ray-ban.com/brazil/graduados/RX6428rb6428%20optics-preto/8053672971804
Óculos de Grau,RB3751V OPTICS,"R$ 830,00",https://www.ray-ban.com/brazil/graduados/RX3751Vrb3751v%20optics-preto/8056262281185
Óculos de Grau,RB7253L OPTICS,"R$ 620,00",https://www.ray-ban.com/brazil/graduados/RX7253Lrb7253l%20optics-cristal/7895653328723
Óculos de Grau,RB3746V OPTICS,"R$ 920,00",https://www.ray-ban.com/brazil/graduados/RX3746Vrb3746v%20optics-preto%20sobre%20arista/8056262281383
Óculos de Grau,LAURENE OPTICS BIO-BASED,"R$ 920,00",https://www.ray-ban.com/brazil/graduados/RX7256laurene%20optics%20bio-based-preto/8056262456866
Óculos de Grau,RB6537L OPTICS,"R$ 710,00",https://www.ray-ban.com/brazil/graduados/RX6537Lrb6537l%20optics-chumbo-escuro%20fosco/7895653328815
Óculos de Grau,RB5445 OPTICS,"R$ 820,00",https://www.ray-ban.com/brazil/graduados/RX5445rb5445%20optics-havana/8056262561218
Óculos de Grau,RB5206 OPTICS,"R$ 920,00",https://www.ray-ban.com/brazil/graduados/RX5206rb5206%20optics-preto%20sobre%20transparente/8053672186635
Óculos de Grau,RB7144M SCUDERIA FERRARI COLLECTION,"R$ 1.270,00",https://www.ray-ban.com/brazil/graduados/RX7144Mrb7144m%20scuderia%20ferrari%20collection-vermelho/8056597045872
Óculos de Grau,RB7230 OPTICS,"R$ 763,00",https://www.ray-ban.com/brazil/graduados/RX7230rb7230%20optics-verde%20areado/8056597938341
Óculos de Grau,RB8421 OPTICS,"R$ 1.210,00",https://www.ray-ban.com/brazil/graduados/RX8421rb8421%20optics-preto%20sobre%20prata/8056597624305
Óculos de Grau,RB8436M OPTICS SCUDERIA FERRARI COLLECTION,"R$ 973,00",https://www.ray-ban.com/brazil/graduados/RX8436Mrb8436m%20optics%20scuderia%20ferrari%20collection-prata/8056262483107
Óculos de Grau,RB3775VM OPTICS SCUDERIA FERRARI COLLECTION,"R$ 1.150,00",https://www.ray-ban.com/brazil/graduados/RX3775VMrb3775vm%20optics%20scuderia%20ferrari%20collection-preto/8056262667965
Óculos de Grau,RB7202L OPTICS,"R$ 620,00",https://www.ray-ban.com/brazil/graduados/RX7202Lrb7202l%20optics-caramelo%20translúcido/7895653274143
Óculos de Grau,RB7228 OPTICS,"R$ 830,00",https://www.ray-ban.com/brazil/graduados/RX7228rb7228%20optics-preto/8056597937597
Óculos de Grau,RB2221V OPTICS,"R$ 920,00",https://www.ray-ban.com/brazil/graduados/RX2221Vrb2221v%20optics-bege%20transparente/8056262561942
Óculos de Grau,RB5285 OPTICS,"R$ 970,00",https://www.ray-ban.com/brazil/graduados/RX5285rb5285%20optics-preto%20sobre%20transparente/713132574669
Óculos de Grau,RB3749V OPTICS,"R$ 644,00",https://www.ray-ban.com/brazil/graduados/RX3749Vrb3749v%20optics-preto%20sobre%20arista/8056262281352
Óculos de Grau,ROUND METAL OPTICS II,"R$ 920,00",https://www.ray-ban.com/brazil/graduados/RX3582Vround%20metal%20optics%20ii-havana%20sobre%20ouro/8053672823615
Óculos de Grau,RB5517M OPTICS SCUDERIA FERRARI COLLECTION,"R$ 889,00",https://www.ray-ban.com/brazil/graduados/RX5517Mrb5517m%20optics%20scuderia%20ferrari%20collection-havana/8056262478059
Óculos de Grau,RB6526L OPTICS,"R$ 830,00",https://www.ray-ban.com/brazil/graduados/RX6526Lrb6526l%20optics-nude%20com%20cobre-metálico/7895653320185
Óculos de Grau,RB7551 OPTICS,"R$ 1.150,00",https://www.ray-ban.com/brazil/graduados/RX7551rb7551%20optics-preto/8056262571743
Óculos de Grau,RB7056 OPTICS,"R$ 920,00",https://www.ray-ban.com/brazil/graduados/RX7056rb7056%20optics-cinza%20transparente/8053672928211
Óculos de Grau,RB6275 OPTICS,"R$ 970,00",https://www.ray-ban.com/brazil/graduados/RX6275rb6275%20optics-preto/8053672123036
Óculos de Grau,RB7550 OPTICS,"R$ 1.150,00",https://www.ray-ban.com/brazil/graduados/RX7550rb7550%20optics-dourado-arista/8056262564196
Óculos de Grau,JORGE OPTICS,"R$ 755,00",https://www.ray-ban.com/brazil/graduados/RX7681Vjorge%20optics-cinza%20transparente/8056262037676
Óculos de Grau,RB7260 OPTICS,"R$ 920,00",https://www.ray-ban.com/brazil/graduados/RX7260rb7260%20optics-transparente/8056262563014
Óculos de Grau,RB6518 OPTICS,"R$ 1.090,00",https://www.ray-ban.com/brazil/graduados/RX6518rb6518%20optics-preto%20sobre%20prata/8056262037584
Óculos de Grau,RB5446 OPTICS,"R$ 820,00",https://www.ray-ban.com/brazil/graduados/RX5446rb5446%20optics-havana/8056262561089
Óculos de Grau,RB6526 OPTICS,"R$ 830,00",https://www.ray-ban.com/brazil/graduados/RX6526Lrb6526%20optics-marrom%20sobre%20ouro/7895653335929
Óculos de Grau,RB5245 OPTICS,"R$ 920,00",https://www.ray-ban.com/brazil/graduados/RX5245rb5245%20optics-preto%20sobre%20transparente/805289517450
Óculos de Grau,MEGA CLUBMASTER OPTICS,"R$ 736,00",https://www.ray-ban.com/brazil/graduados/RX0316Vmega%20clubmaster%20optics-azul%20sobre%20prata/8056597840323
Óculos de Grau,RB5286 OPTICS,"R$ 679,00",https://www.ray-ban.com/brazil/graduados/RX5286rb5286%20optics-cinza/8053672728064
Óculos de Grau,EXPLORER V OPTICS,"R$ 644,00",https://www.ray-ban.com/brazil/graduados/RX6545explorer%20v%20optics-cobre/8056262267950
Óculos de Grau,RB7235 OPTICS,"R$ 763,00",https://www.ray-ban.com/brazil/graduados/RX7235rb7235%20optics-azul%20areado/8056262032428
Óculos de Grau,RB7033L OPTICS,"R$ 650,00",https://www.ray-ban.com/brazil/graduados/RX7033Lrb7033l%20optics-caramelo%20translúcido/7895653274211
Óculos de Grau,RB7240M OPTICS SCUDERIA FERRARI COLLECTION,"R$ 763,00",https://www.ray-ban.com/brazil/graduados/RX7240Mrb7240m%20optics%20scuderia%20ferrari%20collection-preto/8056262012307
Óculos de Grau,MEGA CLUBMASTER OPTICS LITEFORCE,"R$ 872,00",https://www.ray-ban.com/brazil/graduados/RX7316Vmega%20clubmaster%20optics%20liteforce-azul-areia%20com%20cinza-escuro/8056262275757
Óculos de Grau,RB2210V OPTICS CHANGE,"R$ 791,00",https://www.ray-ban.com/brazil/graduados/RX2210Vrb2210v%20optics%20change-fotocromática%20marrom%20listrada/8056262519981
Óculos de Grau,RB6532 OPTICS,"R$ 763,00",https://www.ray-ban.com/brazil/graduados/RX6532rb6532%20optics-chumbo/8056262417218
Óculos de Grau,RB7207L OPTICS,"R$ 310,00",https://www.ray-ban.com/brazil/graduados/RX7207Lrb7207l%20optics-azul-escuro/7895653247314
Óculos de Grau,RB6525 OPTICS,"R$ 497,00",https://www.ray-ban.com/brazil/graduados/RX6525Lrb6525%20optics-prata%20escovado/7895653288423
Óculos de Grau,RB7259D OPTICS YEAR OF THE HORSE EDITION,"R$ 770,00",https://www.ray-ban.com/brazil/graduados/RX7259Drb7259d%20optics%20year%20of%20the%20horse%20edition-marrom-escuro%20total/8056262845615
Óculos de Grau,ELLIOT OPTICS ONLINE ONLY,"R$ 920,00",https://www.ray-ban.com/brazil/graduados/RX5397elliot%20optics%20online%20only-marrom-claro%20transparente/8056262725009
Óculos de Grau,ROUND OPTICS LIMITED,"R$ 920,00",https://www.ray-ban.com/brazil/graduados/RX3447Vround%20optics%20limited-marrom/7895653344990
Óculos de Grau,RB5425D OPTICS YEAR OF THE SNAKE EDITION,"R$ 920,00",https://www.ray-ban.com/brazil/graduados/RX5425Drb5425d%20optics%20year%20of%20the%20snake%20edition-preto/8056262413388
Óculos de Grau,WAYFARER WAY OPTICS,"R$ 736,00",https://www.ray-ban.com/brazil/graduados/RX2241Vwayfarer%20way%20optics-havana%20listrado/8056262037867
Óculos de Grau,ELON OPTICS,"R$ 415,00",https://www.ray-ban.com/brazil/graduados/RX3958V%20UNISEX%20elon%20optics-bronze-acobreado/8056597542487
Óculos de Grau,RB3765VL OPTICS,"R$ 460,00",https://www.ray-ban.com/brazil/graduados/RX3765VLrb3765vl%20optics-preto/7895653281318
Óculos de Grau,JULIE OPTICS,"R$ 380,00",https://www.ray-ban.com/brazil/graduados/RX3957V%20UNISEX%20julie%20optics-ouro/8056597542289
Óculos de Grau,RB7307M OPTICS SCUDERIA FERRARI COLLECTION,"R$ 635,00",https://www.ray-ban.com/brazil/graduados/RX7307Mrb7307m%20optics%20scuderia%20ferrari%20collection-preto/8056262012505
Óculos de Grau,RB6520 OPTICS,"R$ 460,00",https://www.ray-ban.com/brazil/graduados/RX6520rb6520%20optics-preto/8056262037485
Óculos de Grau,RB6512 OPTICS,"R$ 460,00",https://www.ray-ban.com/brazil/graduados/RX6512rb6512%20optics-ouro/8056597942058
Óculos de Grau,DOREEN OPTICS,"R$ 679,00",https://www.ray-ban.com/brazil/graduados/RX5586doreen%20optics-havana-claro%20com%20multicolorido/8056262268148
Óculos de Grau,JACK TITANIUM OPTICS,"R$ 995,00",https://www.ray-ban.com/brazil/graduados/RX8165Vjack%20titanium%20optics-ouro/8056597730013
Óculos de Grau,FRANK II TITANIUM OPTICS,"R$ 945,00",https://www.ray-ban.com/brazil/graduados/RX8258Vfrank%20ii%20titanium%20optics-dourado-arista/8056597653237
Óculos de Grau,WAYFARER OVAL OPTICS CHANGE,"R$ 976,00",https://www.ray-ban.com/brazil/graduados/RX2242Vwayfarer%20oval%20optics%20change-fotocromática%20ondas%20marrons/8056262132722
Óculos de Grau,ROUND TITANIUM OPTICS,"R$ 1.050,00",https://www.ray-ban.com/brazil/graduados/RX8247Vround%20titanium%20optics-ouro%20envelhecido/8056597430432
Óculos de Grau,CARAVAN OPTICS,"R$ 608,00",https://www.ray-ban.com/brazil/graduados/RX6536%20UNISEX%20caravan%20optics-chumbo/8056597246095
Óculos de Grau,RB3732V OPTICS,"R$ 581,00",https://www.ray-ban.com/brazil/graduados/RX3732Vrb3732v%20optics-chumbo/8056262032251
Óculos de Grau,STATE STREET OPTICS,"R$ 608,00",https://www.ray-ban.com/brazil/graduados/RX5486state%20street%20optics-rosa%20transparente/8056597664035
Óculos de Grau,BAIN BRIDGE OPTICS,"R$ 736,00",https://www.ray-ban.com/brazil/graduados/RX3735Vbain%20bridge%20optics-chumbo/8056262037126
Óculos de Grau,RB6594M OPTICS SCUDERIA FERRARI COLLECTION,"R$ 889,00",https://www.ray-ban.com/brazil/graduados/RX6594Mrb6594m%20optics%20scuderia%20ferrari%20collection-chumbo/8056262012666
Óculos de Grau,RB8064 TITANIUM OPTICS,"R$ 875,00",https://www.ray-ban.com/brazil/graduados/RX8064V%20FEMALE%20rb8064%20titanium%20optics-prata/8056597422451
Óculos de Grau,RB7234L OPTICS,"R$ 497,00",https://www.ray-ban.com/brazil/graduados/RX7234Lrb7234l%20optics-caramelo%20translúcido/7895653279681
Óculos de Grau,RB4443VM OPTICS SCUDERIA FERRARI COLLECTION,"R$ 889,00",https://www.ray-ban.com/brazil/graduados/RX4443VMrb4443vm%20optics%20scuderia%20ferrari%20collection-preto/8056262221099
Óculos de Grau,RB3733V OPTICS,"R$ 581,00",https://www.ray-ban.com/brazil/graduados/RX3733Vrb3733v%20optics-ouro%20rosado/8056262036921
Óculos de Grau,LARRY OPTICS,"R$ 755,00",https://www.ray-ban.com/brazil/graduados/RX7680Vlarry%20optics-havana%20cinza/8056597954549
Óculos de Grau,SHILO OPTICS BIO-BASED,"R$ 539,00",https://www.ray-ban.com/brazil/graduados/RX7257shilo%20optics%20bio-based-azul-claro/8056262414477
Óculos de Grau,ALICE OPTICS,"R$ 539,00",https://www.ray-ban.com/brazil/graduados/RX7238alice%20optics-transparente/8056262036761
Óculos de Grau,RB6510 OPTICS,"R$ 435,00",https://www.ray-ban.com/brazil/graduados/RX6510rb6510%20optics-preto/8056597938075
Óculos de Grau,ERIK OPTICS,"R$ 460,00",https://www.ray-ban.com/brazil/graduados/RX7215erik%20optics-cinza-escuro%20opalino/8056597840569
Óculos de Grau,RB7229 OPTICS,"R$ 460,00",https://www.ray-ban.com/brazil/graduados/RX7229rb7229%20optics-cinza-escuro%20com%20ouro%20rosé/8056597937818
Óculos de Grau,LEONID OPTICS BIO-BASED,"R$ 390,00",https://www.ray-ban.com/brazil/graduados/RX7225leonid%20optics%20bio-based-marrom-claro%20transparente/8056597938624
Óculos de Grau,LADY BURBANK OPTICS,"R$ 405,00",https://www.ray-ban.com/brazil/graduados/RX5499%20FEMALE%20lady%20burbank%20optics-azul%20transparente/8056597549493
Óculos de Grau,NEW ROUND OPTICS,"R$ 776,00",https://www.ray-ban.com/brazil/graduados/RX3637Vnew%20round%20optics-ouro%20rosado/8056597641326
Óculos de Grau,RB5416 OPTICS,"R$ 435,00",https://www.ray-ban.com/brazil/graduados/RX5416Drb5416%20optics-preto/8056597733168
Óculos de Grau,RB3765V OPTICS,"R$ 460,00",https://www.ray-ban.com/brazil/graduados/RX3765Vrb3765v%20optics-cobre/8056597945639
Óculos de Grau,NEW WAYFARER OPTICS,"R$ 648,00",https://www.ray-ban.com/brazil/graduados/RX5184%20UNISEX%20new%20wayfarer%20optics-vinho/8056597550000
Óculos de Grau,RB6238 OPTICS,"R$ 679,00",https://www.ray-ban.com/brazil/graduados/RX6238rb6238%20optics-preto/713132447505
Óculos de Grau,RB6509 OPTICS,"R$ 644,00",https://www.ray-ban.com/brazil/graduados/RX6509rb6509%20optics-ouro%20rosado/8056597938808
Óculos de Grau,HEXAGONAL TITANIUM OPTICS,"R$ 1.592,00",https://www.ray-ban.com/brazil/graduados/RX8148Vhexagonal%20titanium%20optics-ouro/8056597621243
Óculos de Grau,CLUBMASTER MARBLE OPTICS,"R$ 736,00",https://www.ray-ban.com/brazil/graduados/RX5154%20UNISEX%20clubmaster%20marble%20optics-preto/8056597261609
Óculos de Grau,WAYFARER OVAL OPTICS,"R$ 736,00",https://www.ray-ban.com/brazil/graduados/RX2242Vwayfarer%20oval%20optics-havana/8056262037720
Óculos de Grau,RB6495 OPTICS,"R$ 490,00",https://www.ray-ban.com/brazil/graduados/RX6495rb6495%20optics-preto%20sobre%20prata/8056597842488
Óculos de Grau,DAVID OPTICS,"R$ 644,00",https://www.ray-ban.com/brazil/graduados/RX3582Vdavid%20optics-havana%20sobre%20chumbo/8056262295809
Óculos de Grau,FRANK TITANIUM OPTICS,"R$ 995,00",https://www.ray-ban.com/brazil/graduados/RX8157V%20MALE%20frank%20titanium%20optics-ouro%20envelhecido%20meio-brilho/8056597430340
Óculos de Grau,MIRIAM OPTICS,"R$ 679,00",https://www.ray-ban.com/brazil/graduados/RX5434miriam%20optics-preto%20sobre%20transparente/8056262267936
Óculos de Grau,RB7219L OPTICS,"R$ 497,00",https://www.ray-ban.com/brazil/graduados/RX7219Lrb7219l%20optics-havana/7895653289093
Óculos de Grau,RB7254 OPTICS LITEFORCE,"R$ 763,00",https://www.ray-ban.com/brazil/graduados/RX7254rb7254%20optics%20liteforce-cinza%20areado/8056262481790
Óculos de Grau,MEGA CLUBMASTER LITEFORCE OPTICS LIMITED,"R$ 872,00",https://www.ray-ban.com/brazil/graduados/RX7316Vmega%20clubmaster%20liteforce%20optics%20limited-marrom-areia%20sobre%20ouro/8056262492284
Óculos de Grau,RB3807VM OPTICS SCUDERIA FERRARI COLLECTION,"R$ 973,00",https://www.ray-ban.com/brazil/graduados/RX3807VMrb3807vm%20optics%20scuderia%20ferrari%20collection-preto-escovado%20com%20preto/8056262221204
Óculos de Grau,PLD 2136/G/S/X,"R$ 440,00",https://www.ray-ban.com/brazil/graduados/RX5428pld%202136/g/s/x-verde-oliva%20transparente/8056597897242
Óculos de Grau,RB5415 OPTICS,"R$ 435,00",https://www.ray-ban.com/brazil/graduados/RX5415Drb5415%20optics-havana/8056597780704
Óculos de Grau,ERIKA OPTICS EXCLUSIVE,"R$ 584,00",https://www.ray-ban.com/brazil/graduados/RX7046%20FEMALE%20erika%20optics%20exclusive-transparente/7895653229433
Óculos de Grau,ELON OPTICS LIMITED EDITION,"R$ 380,00",https://www.ray-ban.com/brazil/graduados/RX3958Velon%20optics%20limited%20edition-havana%20on%20gold/8056597684224
Óculos de Grau,CLUBMASTER OPTICS LIMITED,"R$ 736,00",https://www.ray-ban.com/brazil/graduados/RX5154clubmaster%20optics%20limited-marrom%20transparente%20com%20dourado/7895653292987
Óculos de Grau,WAYFARER WAY OPTICS WOMEN'S DAY LIMITED,"R$ 696,00",https://www.ray-ban.com/brazil/graduados/RX2241Vwayfarer%20way%20optics%20women's%20day%20limited-havana%20sobre%20marrom%20transparente/8056262142820
Óculos de Grau,WAYFARER EASE OPTICS CHANGE LIMITED,"R$ 976,00",https://www.ray-ban.com/brazil/graduados/RX4340Vwayfarer%20ease%20optics%20change%20limited-fotocromática%20ondas%20marrons/8056262267530
Óculos de Sol,RB3183,"R$ 880,00",https://www.ray-ban.com/brazil/oculos-de-sol/RB3183%20MALE%20rb3183-preto/805289528791
Óculos de Sol,ORIGINAL WAYFARER CLASSIC,"R$ 1.032,00",https://www.ray-ban.com/brazil/oculos-de-sol/RB2140original%20wayfarer%20classic-preto/805289126591
Óculos de Sol,RAY-BAN META WAYFARER - GEN 2,"R$ 3.679,00",https://www.ray-ban.com/brazil/electronics/RW4012ray-ban%20meta%20wayfarer%20-%20gen%202-preto/8056262721421
Óculos de Sol,KHAL BIO-BASED,"R$ 808,00",https://www.ray-ban.com/brazil/oculos-de-sol/RB4472khal%20bio-based-preto/8056262833926
Óculos de Sol,ZURI BIO-BASED,"R$ 830,00",https://www.ray-ban.com/brazil/oculos-de-sol/RB4455zuri%20bio-based-preto/8056262885567
Óculos de Sol,JUSTIN CLASSIC,"R$ 856,00",https://www.ray-ban.com/brazil/oculos-de-sol/RB4165L%20MALE%20justin%20classic-preto%20emborrachado/7895653167674
Óculos de Sol,WAYFARER EASE,"R$ 1.032,00",https://www.ray-ban.com/brazil/oculos-de-sol/RB4340wayfarer%20ease-preto/8053672770452
Óculos de Sol,AVIATOR MAX,"R$ 1.080,00",https://www.ray-ban.com/brazil/oculos-de-sol/RB3925aviator%20max-preto/8056262664193
Óculos de Sol,CLUBMASTER CLASSIC,"R$ 990,00",https://www.ray-ban.com/brazil/oculos-de-sol/RB3016clubmaster%20classic-marrom%20e%20ouro/8056262889312
Óculos de Sol,RB4306,"R$ 880,00",https://www.ray-ban.com/brazil/oculos-de-sol/RB4306rb4306-havana%20claro/8056597073011
Óculos de Sol,WAYFARER PUFFER,"R$ 1.170,00",https://www.ray-ban.com/brazil/oculos-de-sol/RB4940wayfarer%20puffer-preto/8056262916193
Óculos de Sol,KAI BIO-BASED,"R$ 808,00",https://www.ray-ban.com/brazil/oculos-de-sol/RB3757kai%20bio-based-ouro-pálido/8056262887127
Óculos de Sol,ELLIOT,"R$ 1.032,00",https://www.ray-ban.com/brazil/oculos-de-sol/RB2197elliot-preto/8056597625883
Óculos de Sol,RB3928 BY A$AP ROCKY,"R$ 1.360,00",https://www.ray-ban.com/brazil/oculos-de-sol/RB3928rb3928%20by%20asap%20rocky-dourado-arista/8056262905821
Óculos de Sol,RB4264 POLARIZED+ LENSES,"R$ 1.032,00",https://www.ray-ban.com/brazil/oculos-de-sol/RB4264rb4264%20polarized+%20lenses-preto%20fosco/8056262672679
Óculos de Sol,BILL,"R$ 1.032,00",https://www.ray-ban.com/brazil/oculos-de-sol/RB2198bill-havana/8056597529754
Óculos de Sol,NEW WAYFARER CLASSIC,"R$ 976,00",https://www.ray-ban.com/brazil/oculos-de-sol/RB2132new%20wayfarer%20classic-tartaruga/805289330479
Óculos de Sol,ERIKA CLASSIC,"R$ 808,00",https://www.ray-ban.com/brazil/oculos-de-sol/RB4171erika%20classic-preto/8053672495942
Óculos de Sol,RB4438L,"R$ 752,00",https://www.ray-ban.com/brazil/oculos-de-sol/RB4438Lrb4438l-preto/7895653320277
Óculos de Sol,AVIATOR TOTAL BLACK,"R$ 1.032,00",https://www.ray-ban.com/brazil/oculos-de-sol/RB3025aviator%20total%20black-preto/8056597328111
Óculos de Sol,HEXAGONAL FLAT LENSES,"R$ 1.032,00",https://www.ray-ban.com/brazil/oculos-de-sol/RB3548Nhexagonal%20flat%20lenses-dourado-arista/8056597142496
Óculos de Sol,AVIATOR CLASSIC,"R$ 1.032,00",https://www.ray-ban.com/brazil/oculos-de-sol/RB3025aviator%20classic-dourado-arista/805289114567
Óculos de Sol,RB3671 POLARIZED+ LENSES,"R$ 1.080,00",https://www.ray-ban.com/brazil/oculos-de-sol/RB3671CHrb3671%20polarized+%20lenses-preto/8056597363280
Óculos de Sol,OLYMPIAN I DELUXE,"R$ 1.080,00",https://www.ray-ban.com/brazil/oculos-de-sol/RB3119Molympian%20i%20deluxe-preto/8056597122153
Óculos de Sol,RAY-BAN META HEADLINER - GEN 2,"R$ 3.989,00",https://www.ray-ban.com/brazil/electronics/RW4013ray-ban%20meta%20headliner%20-%20gen%202-pêssego/8056262909805
Óculos de Sol,RB2223,"R$ 1.080,00",https://www.ray-ban.com/brazil/oculos-de-sol/RB2223rb2223-havana/8056262834466
Óculos de Sol,ZAYA BIO-BASED,"R$ 808,00",https://www.ray-ban.com/brazil/oculos-de-sol/RB4456zaya%20bio-based-preto/8056262464663
Óculos de Sol,RB2180,"R$ 880,00",https://www.ray-ban.com/brazil/oculos-de-sol/RB2180rb2180-havana%20claro/8053672416039
Óculos de Sol,OLD AVIATOR,"R$ 1.032,00",https://www.ray-ban.com/brazil/oculos-de-sol/RB3825old%20aviator-dourado-arista/8056262039908
Óculos de Sol,RAY-BAN META SKYLER - GEN 2,"R$ 3.989,00",https://www.ray-ban.com/brazil/electronics/RW4014ray-ban%20meta%20skyler%20-%20gen%202-pêssego/8056262909874
Óculos de Sol,BOYFRIEND TWO,"R$ 976,00",https://www.ray-ban.com/brazil/oculos-de-sol/RB4547boyfriend%20two-preto/8056597939362
Óculos de Sol,RB3498,"R$ 936,00",https://www.ray-ban.com/brazil/oculos-de-sol/RB3498rb3498-preto/8053672303667
Óculos de Sol,RB4473D,"R$ 808,00",https://www.ray-ban.com/brazil/oculos-de-sol/RB4473Drb4473d-marrom-escuro/8056262840184
Óculos de Sol,RB3745L,"R$ 752,00",https://www.ray-ban.com/brazil/oculos-de-sol/RB3745Lrb3745l-chumbo%20escovado/7895653289871
Óculos de Sol,ROUND DOUBLE BRIDGE,"R$ 1.080,00",https://www.ray-ban.com/brazil/oculos-de-sol/RB3647Nround%20double%20bridge-dourado-arista/8053672737660
Óculos de Sol,RB4179 LITEFORCE,"R$ 1.088,00",https://www.ray-ban.com/brazil/oculos-de-sol/RB4179rb4179%20liteforce-preto/713132449325
Óculos de Sol,ROUND METAL,"R$ 1.032,00",https://www.ray-ban.com/brazil/oculos-de-sol/RB3447round%20metal-ouro/8053672416107
Óculos de Sol,CARBON FIBRE,"R$ 1.376,00",https://www.ray-ban.com/brazil/oculos-de-sol/RB8313carbon%20fibre-preto/8053672346299
Óculos de Sol,RB3927 BY A$AP ROCKY,"R$ 1.050,00",https://www.ray-ban.com/brazil/oculos-de-sol/RB3927rb3927%20by%20asap%20rocky-dourado-arista/8056262904060
Óculos de Sol,RB3683,"R$ 976,00",https://www.ray-ban.com/brazil/oculos-de-sol/RB3683rb3683-preto/8056597523165
Óculos de Sol,EMY BIO-BASED,"R$ 808,00",https://www.ray-ban.com/brazil/oculos-de-sol/RB3741emy%20bio-based-prata/8056262142677
Óculos de Sol,RB4458D,"R$ 808,00",https://www.ray-ban.com/brazil/oculos-de-sol/RB4458Drb4458d-preto/8056262847572
Óculos de Sol,AVIATOR GRADIENT,"R$ 1.080,00",https://www.ray-ban.com/brazil/oculos-de-sol/RB3025aviator%20gradient-ouro/8053672087901
Óculos de Sol,MEGA WAYFARER,"R$ 1.080,00",https://www.ray-ban.com/brazil/oculos-de-sol/RB0840Smega%20wayfarer-preto/8056597720687
Óculos de Sol,RB4437L,"R$ 704,00",https://www.ray-ban.com/brazil/oculos-de-sol/RB4437Lrb4437l-preto/7895653320215
Óculos de Sol,JACK,"R$ 1.032,00",https://www.ray-ban.com/brazil/oculos-de-sol/RB3565jack-preto/8056597445146
Óculos de Sol,RB3727D,"R$ 880,00",https://www.ray-ban.com/brazil/oculos-de-sol/RB3727Drb3727d-dourado-arista/8056262017760
Óculos de Sol,RB3929 BY A$AP ROCKY,"R$ 1.300,00",https://www.ray-ban.com/brazil/oculos-de-sol/RB3929rb3929%20by%20asap%20rocky-dourado-arista/8056262905753
Óculos de Sol,RB3522,"R$ 936,00",https://www.ray-ban.com/brazil/oculos-de-sol/RB3522rb3522-chumbo/8053672298659
Óculos de Sol,RB3768,"R$ 880,00",https://www.ray-ban.com/brazil/oculos-de-sol/RB3768rb3768-preto/8056262562314
Óculos de Sol,RB4428,"R$ 976,00",https://www.ray-ban.com/brazil/oculos-de-sol/RB4428rb4428-preto/8056597939164
Óculos de Sol,RB4457D BIO-BASED,"R$ 808,00",https://www.ray-ban.com/brazil/oculos-de-sol/RB4457Drb4457d%20bio-based-marrom%20transparente/8056262848265
Óculos de Sol,RB4260D,"R$ 808,00",https://www.ray-ban.com/brazil/oculos-de-sol/RB4260Drb4260d-preto/8053672883947
Óculos de Sol,RB2204,"R$ 1.032,00",https://www.ray-ban.com/brazil/oculos-de-sol/RB2204rb2204-havana%20sobre%20transparente/8056597936408
Óculos de Sol,RB4385 POLARIZED+ LENSES,"R$ 1.184,00",https://www.ray-ban.com/brazil/oculos-de-sol/RB4385rb4385%20polarized+%20lenses-cinza/8056597725934
Óculos de Sol,CHRIS,"R$ 856,00",https://www.ray-ban.com/brazil/oculos-de-sol/RB4187chris-azul%20transparente/8056597760072
Óculos de Sol,RB4439D,"R$ 808,00",https://www.ray-ban.com/brazil/oculos-de-sol/RB4439Drb4439d-preto/8056262268988
Óculos de Sol,ZENA BIO-BASED,"R$ 808,00",https://www.ray-ban.com/brazil/oculos-de-sol/RB4430zena%20bio-based-preto/8056262142608
Óculos de Sol,JACKIE OHH,"R$ 984,00",https://www.ray-ban.com/brazil/oculos-de-sol/RB4101jackie%20ohh-preto/8053672789782
Óculos de Sol,RB3749,"R$ 1.032,00",https://www.ray-ban.com/brazil/oculos-de-sol/RB3749rb3749-havana%20sobre%20ouro/8056262282366
Óculos de Sol,RB3763M SCUDERIA FERRARI COLLECTION POLARIZED+ LENSES,"R$ 1.280,00",https://www.ray-ban.com/brazil/oculos-de-sol/RB3763Mrb3763m%20scuderia%20ferrari%20collection%20polarized+%20lenses-preto/8056262483862
Óculos de Sol,RB3699 POLARIZED+ LENSES,"R$ 1.024,00",https://www.ray-ban.com/brazil/oculos-de-sol/RB3699rb3699%20polarized+%20lenses-chumbo/8056597719636
Óculos de Sol,RB4330 POLARIZED+ LENSES,"R$ 1.184,00",https://www.ray-ban.com/brazil/oculos-de-sol/RB4330CHrb4330%20polarized+%20lenses-preto/8056597122856
Óculos de Sol,RB4448L BIO-BASED,"R$ 704,00",https://www.ray-ban.com/brazil/oculos-de-sol/RB4448Lrb4448l%20bio-based-preto/7895653328570
Óculos de Sol,RB4466D,"R$ 848,00",https://www.ray-ban.com/brazil/oculos-de-sol/RB4466Drb4466d-preto%20fosco/8056262727133
Óculos de Sol,RB3751 POLARIZED+ LENSES,"R$ 1.024,00",https://www.ray-ban.com/brazil/oculos-de-sol/RB3751CHrb3751%20polarized+%20lenses-preto/8056262295632
Óculos de Sol,RB3947 POLARIZED+ LENSES,"R$ 1.080,00",https://www.ray-ban.com/brazil/oculos-de-sol/RB3947rb3947%20polarized+%20lenses-prata/8056262564516
Óculos de Sol,WAYFARER FOLDING CLASSIC,"R$ 1.032,00",https://www.ray-ban.com/brazil/oculos-de-sol/RB4105wayfarer%20folding%20classic-preto/805289154594
Óculos de Sol,ARI BIO-BASED,"R$ 808,00",https://www.ray-ban.com/brazil/oculos-de-sol/RB3758ari%20bio-based-prata/8056262465028
Óculos de Sol,RB2230,"R$ 1.032,00",https://www.ray-ban.com/brazil/oculos-de-sol/RB2230rb2230-vermelho-fantasia%20com%20lente%20transparente/8056262314074
Óculos de Sol,RB3766 POLARIZED+ LENSES,"R$ 1.024,00",https://www.ray-ban.com/brazil/oculos-de-sol/RB3766CHrb3766%20polarized+%20lenses-preto/8056262565469
Óculos de Sol,RB4463,"R$ 752,00",https://www.ray-ban.com/brazil/oculos-de-sol/RB4463Lrb4463-preto/7895653342293
Óculos de Sol,RB3663,"R$ 976,00",https://www.ray-ban.com/brazil/oculos-de-sol/RB3663rb3663-chumbo/8056597242943
Óculos de Sol,RB3686 POLARIZED+ LENSES,"R$ 1.184,00",https://www.ray-ban.com/brazil/oculos-de-sol/RB3686rb3686%20polarized+%20lenses-preto/8056597625500
Óculos de Sol,EXPLORER III,"R$ 1.032,00",https://www.ray-ban.com/brazil/oculos-de-sol/RB3779explorer%20iii-prata/8056262834978
Óculos de Sol,RB3778,"R$ 976,00",https://www.ray-ban.com/brazil/oculos-de-sol/RB3778rb3778-chumbo/8056262832752
Óculos de Sol,RB4305,"R$ 880,00",https://www.ray-ban.com/brazil/oculos-de-sol/RB4305rb4305-havana%20claro/8056597071659
Óculos de Sol,WAYFARER LITEFORCE,"R$ 1.088,00",https://www.ray-ban.com/brazil/oculos-de-sol/RB4195wayfarer%20liteforce-preto/8053672067118
Óculos de Sol,ERIKA METAL,"R$ 856,00",https://www.ray-ban.com/brazil/oculos-de-sol/RB3539erika%20metal-preto/8053672587685
Óculos de Sol,RB4181,"R$ 880,00",https://www.ray-ban.com/brazil/oculos-de-sol/RB4181rb4181-preto/713132452646
Óculos de Sol,ERIKA COLOR MIX,"R$ 856,00",https://www.ray-ban.com/brazil/oculos-de-sol/RB4171erika%20color%20mix-preto%20emborrachado/8056597142526
Óculos de Sol,RB4470 POLARIZED S LENSES,"R$ 1.088,00",https://www.ray-ban.com/brazil/oculos-de-sol/RB4470CHrb4470%20polarized%20s%20lenses-preto%20areado/8056262847749
Óculos de Sol,AVIATOR MIRROR,"R$ 1.128,00",https://www.ray-ban.com/brazil/oculos-de-sol/RB3025aviator%20mirror-prata/8053672016949
Óculos de Sol,RB2221,"R$ 1.080,00",https://www.ray-ban.com/brazil/oculos-de-sol/RB2221rb2221-preto/8056262561430
Óculos de Sol,RB4402,"R$ 752,00",https://www.ray-ban.com/brazil/oculos-de-sol/RB4402Lrb4402-preto/7895653260610
Óculos de Sol,MEGA WAYFARER II,"R$ 1.080,00",https://www.ray-ban.com/brazil/oculos-de-sol/RB0832Smega%20wayfarer%20ii-preto/8056262892220
Óculos de Sol,FLACKO BIO-BASED,"R$ 1.032,00",https://www.ray-ban.com/brazil/oculos-de-sol/RB4454flacko%20bio-based-preto/8056262416365
Óculos de Sol,IDAN BIO-BASED,"R$ 808,00",https://www.ray-ban.com/brazil/oculos-de-sol/RB3782idan%20bio-based-ouro-pálido/8056262834213
Óculos de Sol,RB3832,"R$ 1.032,00",https://www.ray-ban.com/brazil/oculos-de-sol/RB3832rb3832-chumbo/8056262563557
Óculos de Sol,WAYFARER REVERSE,"R$ 1.040,00",https://www.ray-ban.com/brazil/oculos-de-sol/RBR0502Swayfarer%20reverse-havana%20listrado/8056262304891
Óculos de Sol,RB3774D,"R$ 1.100,00",https://www.ray-ban.com/brazil/oculos-de-sol/RB3774Drb3774d-dourado-arista/8056262667019
Óculos de Sol,RB3386,"R$ 936,00",https://www.ray-ban.com/brazil/oculos-de-sol/RB3386%20MALE%20rb3386-chumbo/805289346838
Óculos de Sol,RB3755,"R$ 980,00",https://www.ray-ban.com/brazil/oculos-de-sol/RB3755rb3755-dourado-arista/8056262866337
Óculos de Sol,MEGA BALORAMA,"R$ 1.080,00",https://www.ray-ban.com/brazil/oculos-de-sol/RB2289mega%20balorama-havana/8056262268230
Óculos de Sol,BOYFRIEND,"R$ 976,00",https://www.ray-ban.com/brazil/oculos-de-sol/RB4147boyfriend-preto/805289391616
Óculos de Sol,PREDATOR 2,"R$ 1.072,00",https://www.ray-ban.com/brazil/oculos-de-sol/RB2027predator%202-preto/805289029748
Óculos de Sol,BILL ONE,"R$ 945,00",https://www.ray-ban.com/brazil/oculos-de-sol/RB2205bill%20one-havana%20sobre%20verde%20transparente/8056597936163
Óculos de Sol,RB4415L,"R$ 752,00",https://www.ray-ban.com/brazil/oculos-de-sol/RB4415Lrb4415l-preto/7895653279773
Óculos de Sol,WAYFARER DELUXE,"R$ 1.170,00",https://www.ray-ban.com/brazil/oculos-de-sol/RB3875wayfarer%20deluxe-preto/8056262899243
Óculos de Sol,WAYFARER WAY,"R$ 1.032,00",https://www.ray-ban.com/brazil/oculos-de-sol/RB2241wayfarer%20way-havana%20listrado/8056262031094
Óculos de Sol,SAM,"R$ 1.032,00",https://www.ray-ban.com/brazil/oculos-de-sol/RB2232sam-cinza%20marrom-havana/8056262562123
Óculos de Sol,RAIMOND,"R$ 1.032,00",https://www.ray-ban.com/brazil/oculos-de-sol/RB2231raimond-havana/8056262245873
Óculos de Sol,KILIANE BIO-BASED,"R$ 928,00",https://www.ray-ban.com/brazil/oculos-de-sol/RB4395kiliane%20bio-based-marrom%20transparente/8056597829311
Óculos de Sol,RB2218,"R$ 896,00",https://www.ray-ban.com/brazil/oculos-de-sol/RB2218rb2218-marrom%20transparente/8056262561348
Óculos de Sol,RB3724D,"R$ 880,00",https://www.ray-ban.com/brazil/oculos-de-sol/RB3724Drb3724d-preto/8056597964616
Óculos de Sol,RB2210,"R$ 920,00",https://www.ray-ban.com/brazil/oculos-de-sol/RB2210rb2210-transparente/8056262887011
Óculos de Sol,JOSEPH,"R$ 1.688,00",https://www.ray-ban.com/brazil/oculos-de-sol/RB7683Sjoseph-havana%20listrado/8056262281925
Óculos de Sol,RB3549,"R$ 1.032,00",https://www.ray-ban.com/brazil/oculos-de-sol/RB3549rb3549-preto/8053672879032
Óculos de Sol,RB4333D,"R$ 808,00",https://www.ray-ban.com/brazil/oculos-de-sol/RB4333Drb4333d-preto/8056597213134
Óculos de Sol,ROUND REVERSE,"R$ 1.040,00",https://www.ray-ban.com/brazil/oculos-de-sol/RBR0103Sround%20reverse-dourado-arista/8056262268339
Óculos de Sol,BALORAMA,"R$ 976,00",https://www.ray-ban.com/brazil/oculos-de-sol/RB4089balorama-preto/805289126089
Óculos de Sol,RB2216,"R$ 976,00",https://www.ray-ban.com/brazil/oculos-de-sol/RB2216rb2216-havana/8056262495261
Óculos de Sol,CLUBMASTER OVERSIZED,"R$ 1.080,00",https://www.ray-ban.com/brazil/oculos-de-sol/RB4175clubmaster%20oversized-preto/8053672789355
Óculos de Sol,RB3721 POLARIZED+ LENSES,"R$ 1.184,00",https://www.ray-ban.com/brazil/oculos-de-sol/RB3721CHrb3721%20polarized+%20lenses-preto%20sobre%20ouro/8056597939973
Óculos de Sol,LEONARD,"R$ 1.290,00",https://www.ray-ban.com/brazil/oculos-de-sol/RB2193leonard-tartaruga/8056597318044
Óculos de Sol,AVIATOR METAL II,"R$ 984,00",https://www.ray-ban.com/brazil/oculos-de-sol/RB3689%20UNISEX%20aviator%20metal%20ii-chumbo/8056597260589
Óculos de Sol,RB4068,"R$ 791,00",https://www.ray-ban.com/brazil/oculos-de-sol/RB4068rb4068-havana/8053672495553
Óculos de Sol,CLUBMASTER REVERSE,"R$ 1.040,00",https://www.ray-ban.com/brazil/oculos-de-sol/RBR0504Sclubmaster%20reverse-preto%20sobre%20preto/8056262268438
Óculos de Sol,RB4391D,"R$ 808,00",https://www.ray-ban.com/brazil/oculos-de-sol/RB4391Drb4391d-preto/8056597716017
Óculos de Sol,BAIN BRIDGE,"R$ 1.080,00",https://www.ray-ban.com/brazil/oculos-de-sol/RB3735bain%20bridge-chumbo/8056262043516
Óculos de Sol,RB2225,"R$ 944,00",https://www.ray-ban.com/brazil/oculos-de-sol/RB2225rb2225-havana/8056262832516
Óculos de Sol,CARAVAN REVERSE,"R$ 1.040,00",https://www.ray-ban.com/brazil/oculos-de-sol/RBR0102Scaravan%20reverse-dourado-arista/8056262313176
Óculos de Sol,RB2226,"R$ 944,00",https://www.ray-ban.com/brazil/oculos-de-sol/RB2226rb2226-preto/8056262892107
Óculos de Sol,RB4474D,"R$ 808,00",https://www.ray-ban.com/brazil/oculos-de-sol/RB4474Drb4474d-preto/8056262847664
Óculos de Sol,DREA BIO-BASED,"R$ 1.010,00",https://www.ray-ban.com/brazil/oculos-de-sol/RB3783drea%20bio-based-prata/8056262834169
Óculos de Sol,RB3931 BY A$AP ROCKY,"R$ 1.350,00",https://www.ray-ban.com/brazil/oculos-de-sol/RB3931rb3931%20by%20asap%20rocky-dourado-arista/8056262904053
Óculos de Sol,RB3777,"R$ 976,00",https://www.ray-ban.com/brazil/oculos-de-sol/RB3777rb3777-chumbo/8056262832639
Óculos de Sol,CLUBMASTER WAY,"R$ 1.080,00",https://www.ray-ban.com/brazil/oculos-de-sol/RB2341clubmaster%20way-preto%20sobre%20prata/8056262413067
Óculos de Sol,RB4401D,"R$ 808,00",https://www.ray-ban.com/brazil/oculos-de-sol/RB4401Drb4401d-cinza%20transparente/8056597846097
Óculos de Sol,RB4420,"R$ 808,00",https://www.ray-ban.com/brazil/oculos-de-sol/RB4420rb4420-preto/8056597959346
Óculos de Sol,RB4464,"R$ 808,00",https://www.ray-ban.com/brazil/oculos-de-sol/RB4464Lrb4464-havana-escuro/7895653342279
Óculos de Sol,RB4448,"R$ 704,00",https://www.ray-ban.com/brazil/oculos-de-sol/RB4448Lrb4448-havana-escuro/7895653351356
Óculos de Sol,CLUBMASTER METAL,"R$ 1.080,00",https://www.ray-ban.com/brazil/oculos-de-sol/RB3716clubmaster%20metal-preto%20sobre%20ouro/8053672867145
Óculos de Sol,RB3784D,"R$ 880,00",https://www.ray-ban.com/brazil/oculos-de-sol/RB3784Drb3784d-prata/8056262847602
Óculos de Sol,RB3780,"R$ 1.080,00",https://www.ray-ban.com/brazil/oculos-de-sol/RB3780rb3780-chumbo/8056262837177
Óculos de Sol,RB4468 LITEFORCE,"R$ 1.088,00",https://www.ray-ban.com/brazil/oculos-de-sol/RB4468rb4468%20liteforce-azul-escuro%20areado/8056262847985
Óculos de Sol,RB3445,"R$ 976,00",https://www.ray-ban.com/brazil/oculos-de-sol/RB3445rb3445-preto/805289447481
Óculos de Sol,RB4469 POLARIZED S LENSES,"R$ 1.088,00",https://www.ray-ban.com/brazil/oculos-de-sol/RB4469rb4469%20polarized%20s%20lenses-preto%20areado/8056262847923
Óculos de Sol,MEGA HAWKEYE,"R$ 1.128,00",https://www.ray-ban.com/brazil/oculos-de-sol/RB0298Smega%20hawkeye-havana%20sobre%20marrom%20transparente/8056597936088
Óculos de Sol,RB4469 LITEFORCE,"R$ 1.088,00",https://www.ray-ban.com/brazil/oculos-de-sol/RB4469rb4469%20liteforce-azul-escuro%20areado/8056262847978
Óculos de Sol,AVIATOR TITANIUM,"R$ 2.176,00",https://www.ray-ban.com/brazil/oculos-de-sol/RB8089aviator%20titanium-chumbo/8056262031704
Óculos de Sol,RB4475 POLARIZED S LENSES,"R$ 1.088,00",https://www.ray-ban.com/brazil/oculos-de-sol/RB4475CHrb4475%20polarized%20s%20lenses-preto%20areado/8056262847671
Óculos de Sol,RB4451,"R$ 1.136,00",https://www.ray-ban.com/brazil/oculos-de-sol/RB4451rb4451-preto/8056262495223
Óculos de Sol,RB4418D,"R$ 880,00",https://www.ray-ban.com/brazil/oculos-de-sol/RB4418Drb4418d-preto%20sobre%20prata/8056597943581
Óculos de Sol,AVIATOR FLASH LENSES,"R$ 1.128,00",https://www.ray-ban.com/brazil/oculos-de-sol/RB3025aviator%20flash%20lenses-ouro/8053672256123
Óculos de Sol,HAWKEYE,"R$ 1.128,00",https://www.ray-ban.com/brazil/oculos-de-sol/RB2298hawkeye-havana%20sobre%20marrom%20transparente/8056597626682
Óculos de Sol,RB3503L,"R$ 704,00",https://www.ray-ban.com/brazil/oculos-de-sol/RB3503Lrb3503l-prata/7895653289123
Óculos de Sol,2180 REVERSE,"R$ 1.040,00",https://www.ray-ban.com/brazil/oculos-de-sol/RBR0505S2180%20reverse-havana%20listrado/8056262564738
Óculos de Sol,RB4459D,"R$ 808,00",https://www.ray-ban.com/brazil/oculos-de-sol/RB4459Drb4459d-preto/8056262464090
Óculos de Sol,CLUBMASTER ALUMINUM,"R$ 1.232,00",https://www.ray-ban.com/brazil/oculos-de-sol/RB3507clubmaster%20aluminum-preto%20sobre%20ouro/8053672069297
Óculos de Sol,RB4468 POLARIZED S LENSES,"R$ 1.088,00",https://www.ray-ban.com/brazil/oculos-de-sol/RB4468rb4468%20polarized%20s%20lenses-marrom%20areado/8056262847961
Óculos de Sol,SQUARE 1971 REVERSE,"R$ 1.040,00",https://www.ray-ban.com/brazil/oculos-de-sol/RBR0104Ssquare%201971%20reverse-dourado-arista/8056262564745
Óculos de Sol,WAYFARER STREET NEAT,"R$ 1.136,00",https://www.ray-ban.com/brazil/oculos-de-sol/RB2240wayfarer%20street%20neat-preto%20sobre%20havana/8056262563151
Óculos de Sol,NEW AVIATOR POLARIZED+ LENSES,"R$ 1.232,00",https://www.ray-ban.com/brazil/oculos-de-sol/RB3625new%20aviator%20polarized+%20lenses-ouro/8056597665117
Óculos de Sol,RB4334D,"R$ 808,00",https://www.ray-ban.com/brazil/oculos-de-sol/RB4334Drb4334d-havana%20claro/8056597213141
Óculos de Sol,WILLIAM TITANIUM,"R$ 2.224,00",https://www.ray-ban.com/brazil/oculos-de-sol/RB8097william%20titanium-chumbo/8056262285688
Óculos de Sol,RB3701 POLARIZED+ LENSES,"R$ 1.184,00",https://www.ray-ban.com/brazil/oculos-de-sol/RB3701rb3701%20polarized+%20lenses-dourado-arista/8056597728362
Óculos de Sol,RB3775M SCUDERIA FERRARI COLLECTION POLARIZED+ LENSES,"R$ 1.384,00",https://www.ray-ban.com/brazil/oculos-de-sol/RB3775Mrb3775m%20scuderia%20ferrari%20collection%20polarized+%20lenses-chumbo/8056262668467
Óculos de Sol,RB2224,"R$ 944,00",https://www.ray-ban.com/brazil/oculos-de-sol/RB2224rb2224-havana/8056262831892
Óculos de Sol,RB3776M SCUDERIA FERRARI COLLECTION POLARIZED+ LENSES,"R$ 1.488,00",https://www.ray-ban.com/brazil/oculos-de-sol/RB3776Mrb3776m%20scuderia%20ferrari%20collection%20polarized+%20lenses-prata/8056262672730
Óculos de Sol,RB3707 POLARIZED+ LENSES,"R$ 1.080,00",https://www.ray-ban.com/brazil/oculos-de-sol/RB3707rb3707%20polarized+%20lenses-chumbo/8056597834292
Óculos de Sol,RB4392D,"R$ 808,00",https://www.ray-ban.com/brazil/oculos-de-sol/RB4392Drb4392d-preto/8056597714136
Óculos de Sol,RB3713D,"R$ 880,00",https://www.ray-ban.com/brazil/oculos-de-sol/RB3713Drb3713d-dourado-arista/8056597846165
Óculos de Sol,BALORAMA STREET NEAT,"R$ 1.136,00",https://www.ray-ban.com/brazil/oculos-de-sol/RB2489balorama%20street%20neat-cinza%20sobre%20preto/8056262563267
Óculos de Sol,MEGA WAYFARER LITEFORCE,"R$ 1.136,00",https://www.ray-ban.com/brazil/oculos-de-sol/RB4840Smega%20wayfarer%20liteforce-preto%20areado/8056262282571
Óculos de Sol,NEW WAYFARER BICOLOR,"R$ 976,00",https://www.ray-ban.com/brazil/oculos-de-sol/RB2132new%20wayfarer%20bicolor-mel/805289442639
Óculos de Sol,BAIN BRIDGE POLARIZED+ LENSES,"R$ 1.080,00",https://www.ray-ban.com/brazil/oculos-de-sol/RB3735bain%20bridge%20polarized+%20lenses-prata/8056262668047
Óculos de Sol,RAY-BAN STAR WARS™ – KYLO REN MEGA BALORAMA,"R$ 1.770,00",https://www.ray-ban.com/brazil/oculos-de-sol/RB2289ray-ban%20star%20wars™%20–%20kylo%20ren%20mega%20balorama-preto%20transparente/8056262848388
Óculos de Sol,RB4423D,"R$ 856,00",https://www.ray-ban.com/brazil/oculos-de-sol/RB4423Drb4423d-azul%20transparente%20escuro/8056262484357
Óculos de Sol,RB2222,"R$ 976,00",https://www.ray-ban.com/brazil/oculos-de-sol/RB2222rb2222-preto/8056262576632
Óculos de Sol,RB3770,"R$ 1.184,00",https://www.ray-ban.com/brazil/oculos-de-sol/RB3770rb3770-chumbo/8056262563458
Óculos de Sol,RB3736 POLARIZED+ LENSES LITEFORCE,"R$ 1.184,00",https://www.ray-ban.com/brazil/oculos-de-sol/RB3736CHrb3736%20polarized+%20lenses%20liteforce-dourado-arista/8056262559444
Óculos de Sol,EXPLORER IV,"R$ 1.032,00",https://www.ray-ban.com/brazil/oculos-de-sol/RB3945explorer%20iv-chumbo/8056262564448
Óculos de Sol,RB3762M SCUDERIA FERRARI COLLECTION POLARIZED+ LENSES,"R$ 1.592,00",https://www.ray-ban.com/brazil/oculos-de-sol/RB3762Mrb3762m%20scuderia%20ferrari%20collection%20polarized+%20lenses-chumbo/8056262483411
Óculos de Sol,RB8336M SCUDERIA FERRARI COLLECTION POLARIZED+ LENSES,"R$ 1.592,00",https://www.ray-ban.com/brazil/oculos-de-sol/RB8336Mrb8336m%20scuderia%20ferrari%20collection%20polarized+%20lenses-preto/8056262483930
Óculos de Sol,CARLOS,"R$ 903,00",https://www.ray-ban.com/brazil/oculos-de-sol/RB0947Scarlos-havana%20listrado/8056262061343
Óculos de Sol,RB4438,"R$ 700,00",https://www.ray-ban.com/brazil/oculos-de-sol/RB4438Lrb4438-preto%20brilhante/7895653335899
Óculos de Sol,BILL SUMMER CAPSULE,"R$ 990,00",https://www.ray-ban.com/brazil/oculos-de-sol/RB2198bill%20summer%20capsule-preto/8056262899342
Óculos de Sol,AVIATOR PUFFER,"R$ 1.050,00",https://www.ray-ban.com/brazil/oculos-de-sol/RB4925aviator%20puffer-preto/8056262960110
Óculos de Sol,DADDY-O,"R$ 760,00",https://www.ray-ban.com/brazil/oculos-de-sol/RB2016daddy-o-preto%20emborrachado/805289626541
Óculos de Sol,RB3767,"R$ 980,00",https://www.ray-ban.com/brazil/oculos-de-sol/RB3767rb3767-dourado-arista/8056262563335
Óculos de Sol,CARAVAN,"R$ 990,00",https://www.ray-ban.com/brazil/oculos-de-sol/RB3136caravan-chumbo/805289003595
Óculos de Sol,RB3703M SCUDERIA FERRARI COLLECTION POLARIZED+ LENSES,"R$ 1.384,00",https://www.ray-ban.com/brazil/oculos-de-sol/RB3703Mrb3703m%20scuderia%20ferrari%20collection%20polarized+%20lenses-ouro/8056597768405
Óculos de Sol,ROUND DOUBLE BRIDGE POLARIZED+ LENSES,"R$ 1.050,00",https://www.ray-ban.com/brazil/oculos-de-sol/RB3647Nround%20double%20bridge%20polarized+%20lenses-preto/8056262905487
Óculos de Sol,HEXAGONAL,"R$ 1.050,00",https://www.ray-ban.com/brazil/oculos-de-sol/RB3548hexagonal-dourado-arista/8056597463829
Óculos de Sol,JACKIE OHH II,"R$ 1.050,00",https://www.ray-ban.com/brazil/oculos-de-sol/RB4098jackie%20ohh%20ii-preto/805289206071
Óculos de Sol,RB4441D BIO-BASED,"R$ 830,00",https://www.ray-ban.com/brazil/oculos-de-sol/RB4441Drb4441d%20bio-based-preto/8056262268902
Óculos de Sol,OVAL METAL,"R$ 1.050,00",https://www.ray-ban.com/brazil/oculos-de-sol/RB3547oval%20metal-prata/8056262322888
Óculos de Sol,RB3659M SCUDERIA FERRARI COLLECTION POLARIZED+ LENSES,"R$ 1.184,00",https://www.ray-ban.com/brazil/oculos-de-sol/RB3659M%20MALE%20rb3659m%20scuderia%20ferrari%20collection%20polarized+%20lenses-prata/8056597148429
Óculos de Sol,499P HYPERCAR LIMITED EDITION 2026 - SCUDERIA FERRARI COLLECTION,"R$ 1.750,00",https://www.ray-ban.com/brazil/oculos-de-sol/RB3790M499p%20hypercar%20limited%20edition%202026%20-%20scuderia%20ferrari%20collection-prata/8056262888995
Óculos de Sol,CATS 5000 CLASSIC SUMMER CAPSULE,"R$ 990,00",https://www.ray-ban.com/brazil/oculos-de-sol/RB4125cats%205000%20classic%20summer%20capsule-preto/8056262897706
Óculos de Sol,RB3819M SCUDERIA FERRARI COLLECTION POLARIZED+ LENSES,"R$ 1.432,00",https://www.ray-ban.com/brazil/oculos-de-sol/RB3819Mrb3819m%20scuderia%20ferrari%20collection%20polarized+%20lenses-chumbo/8056262889060
Óculos de Sol,RB4373,"R$ 704,00",https://www.ray-ban.com/brazil/oculos-de-sol/RB4373Lrb4373-preto/7895653235731
Óculos de Sol,RB4376,"R$ 890,00",https://www.ray-ban.com/brazil/oculos-de-sol/RB4376rb4376-havana/8056597626620
Óculos de Sol,LADY BURBANK POLARIZED+ LENSES,"R$ 1.050,00",https://www.ray-ban.com/brazil/oculos-de-sol/RB2299lady%20burbank%20polarized+%20lenses-preto/8056262895542
Óculos de Sol,CATS 5000 CLASSIC,"R$ 1.050,00",https://www.ray-ban.com/brazil/oculos-de-sol/RB4125cats%205000%20classic-havana%20claro/805289288695
Óculos de Sol,NEW AVIATOR,"R$ 840,00",https://www.ray-ban.com/brazil/oculos-de-sol/RB3625new%20aviator-prata/8056597650311
Óculos de Sol,RB4446L BIO-BASED,"R$ 365,00",https://www.ray-ban.com/brazil/oculos-de-sol/RB4446Lrb4446l%20bio-based-bege-opalino/7895653320789
Óculos de Sol,RB4387,"R$ 830,00",https://www.ray-ban.com/brazil/oculos-de-sol/RB4387rb4387-preto/8053672986587
Óculos de Sol,AVIATOR LARGE METAL,"R$ 990,00",https://www.ray-ban.com/brazil/oculos-de-sol/RB3025aviator%20large%20metal-dourado-arista/8056262581018
Óculos de Sol,RB3746,"R$ 990,00",https://www.ray-ban.com/brazil/oculos-de-sol/RB3746rb3746-dourado-arista/8056262895887
Óculos de Sol,RB3703M SCUDERIA FERRARI COLLECTION,"R$ 1.430,00",https://www.ray-ban.com/brazil/oculos-de-sol/RB3703Mrb3703m%20scuderia%20ferrari%20collection-chumbo/8056597768399
Óculos de Sol,NEW CLUBMASTER,"R$ 1.050,00",https://www.ray-ban.com/brazil/oculos-de-sol/RB4416new%20clubmaster-bege%20sobre%20ouro/8056597953023
Óculos de Sol,RB4384,"R$ 752,00",https://www.ray-ban.com/brazil/oculos-de-sol/RB4384Lrb4384-preto/7895653252400
Óculos de Sol,RB8329M SCUDERIA FERARRI COLLECTION POLARIZED+ LENSES,"R$ 1.696,00",https://www.ray-ban.com/brazil/oculos-de-sol/RB8329Mrb8329m%20scuderia%20ferarri%20collection%20polarized+%20lenses-chumbo/8056262889169
Óculos de Sol,SHOOTER,"R$ 990,00",https://www.ray-ban.com/brazil/oculos-de-sol/RB3138shooter-dourado-arista/805289003694
Óculos de Sol,RB3789M SCUDERIA FERRARI COLLECTION POLARIZED+ LENSES,"R$ 1.640,00",https://www.ray-ban.com/brazil/oculos-de-sol/RB3789Mrb3789m%20scuderia%20ferrari%20collection%20polarized+%20lenses-chumbo/8056262889121
Óculos de Sol,AVIATOR TITANIUM POLARIZED+ LENSES,"R$ 2.224,00",https://www.ray-ban.com/brazil/oculos-de-sol/RB8089aviator%20titanium%20polarized+%20lenses-chumbo/8056262031728
Óculos de Sol,RB4195M SCUDERIA FERRARI COLLECTION POLARIZED+ LENSES,"R$ 1.488,00",https://www.ray-ban.com/brazil/oculos-de-sol/RB4195Mrb4195m%20scuderia%20ferrari%20collection%20polarized+%20lenses-preto/8053672819762
Óculos de Sol,RB3673M SCUDERIA FERRARI COLLECTION POLARIZED+ LENSES,"R$ 1.184,00",https://www.ray-ban.com/brazil/oculos-de-sol/RB3673M%20UNISEX%20rb3673m%20scuderia%20ferrari%20collection%20polarized+%20lenses-preto%20sobre%20prata/8056597382779
Óculos de Sol,RB4475 POLARIZED+ LENSES,"R$ 1.184,00",https://www.ray-ban.com/brazil/oculos-de-sol/RB4475CHrb4475%20polarized+%20lenses-azul-escuro%20areado/8056262847718
Óculos de Sol,RB3726M SCUDERIA FERRARI COLLECTION POLARIZED+ LENSES,"R$ 1.384,00",https://www.ray-ban.com/brazil/oculos-de-sol/RB3726Mrb3726m%20scuderia%20ferrari%20collection%20polarized+%20lenses-preto%20sobre%20preto/8056597931212
Óculos de Sol,RB4470 POLARIZED+ LENSES,"R$ 1.184,00",https://www.ray-ban.com/brazil/oculos-de-sol/RB4470CHrb4470%20polarized+%20lenses-preto%20areado/8056262847787
Óculos de Sol,RB8331M SCUDERIA FERRARI COLLECTION POLARIZED+ LENSES,"R$ 1.592,00",https://www.ray-ban.com/brazil/oculos-de-sol/RB8331Mrb8331m%20scuderia%20ferrari%20collection%20polarized+%20lenses-preto/8056597853590
Óculos de Sol,RB4446 BIO-BASED,"R$ 730,00",https://www.ray-ban.com/brazil/oculos-de-sol/RB4446Lrb4446%20bio-based-cinza%20translúcido/7895653345232
Óculos de Sol,RB4414M SCUDERIA FERRARI COLLECTION POLARIZED+ LENSES,"R$ 1.184,00",https://www.ray-ban.com/brazil/oculos-de-sol/RB4414Mrb4414m%20scuderia%20ferrari%20collection%20polarized+%20lenses-cinza%20transparente/8056597929387
Óculos de Sol,NEW WAYFARER CLASSIC,"R$ 920,00",https://www.ray-ban.com/brazil/oculos-de-sol/RB2132new%20wayfarer%20classic-preto/805289048527
Óculos de Sol,RB3569,"R$ 1.170,00",https://www.ray-ban.com/brazil/oculos-de-sol/RB3569rb3569-preto%20sobre%20ouro/8053672828894
Óculos de Sol,FLACKO PUFFER,"R$ 1.050,00",https://www.ray-ban.com/brazil/oculos-de-sol/RB4954flacko%20puffer-preto/8056262959213
Óculos de Sol,WARREN BIO-BASED,"R$ 644,00",https://www.ray-ban.com/brazil/oculos-de-sol/RB4396warren%20bio-based-preto/8056262052136
Óculos de Sol,RAY-BAN META LOW BRIDGE FIT HEADLINER - GEN 2,"R$ 3.499,00",https://www.ray-ban.com/brazil/electronics/RW4013Fray-ban%20meta%20low%20bridge%20fit%20headliner%20-%20gen%202-preto/8056262720011
Óculos de Sol,NEW ROUND,"R$ 1.050,00",https://www.ray-ban.com/brazil/oculos-de-sol/RB3637new%20round-ouro/8056597641807
Óculos de Sol,OVAL FLAT LENSES,"R$ 1.110,00",https://www.ray-ban.com/brazil/oculos-de-sol/RB3547Noval%20flat%20lenses-preto/8056262895351
Óculos de Sol,MEGA BALORAMA BLACKED OUT COLLECTION,"R$ 1.470,00",https://www.ray-ban.com/brazil/oculos-de-sol/RB2289mega%20balorama%20blacked%20out%20collection-preto/8056262536018
Óculos de Sol,AVIATOR CLASSIC SUMMER CAPSULE,"R$ 990,00",https://www.ray-ban.com/brazil/oculos-de-sol/RB3025aviator%20classic%20summer%20capsule-chumbo/8056262897690
Óculos de Sol,RB3776M SCUDERIA FERRARI COLLECTION,"R$ 1.560,00",https://www.ray-ban.com/brazil/oculos-de-sol/RB3776Mrb3776m%20scuderia%20ferrari%20collection-ouro-rosa%20fosco/8056262672761
Óculos de Sol,RB3726M SCUDERIA FERRARI COLLECTION,"R$ 1.370,00",https://www.ray-ban.com/brazil/oculos-de-sol/RB3726Mrb3726m%20scuderia%20ferrari%20collection-preto%20sobre%20prata/8056597931182
Óculos de Sol,STATE STREET,"R$ 1.110,00",https://www.ray-ban.com/brazil/oculos-de-sol/RB2186state%20street-havana%20sobre%20rosa%20transparente/8056597445580
Óculos de Sol,RB4315,"R$ 1.040,00",https://www.ray-ban.com/brazil/oculos-de-sol/RB4315rb4315-preto/8056262895511
Óculos de Sol,RB2203,"R$ 1.050,00",https://www.ray-ban.com/brazil/oculos-de-sol/RB2203rb2203-verde%20e%20marrom%20listrado/8056597936385
Óculos de Sol,RB2228M SCUDERIA FERRARI COLLECTION,"R$ 1.500,00",https://www.ray-ban.com/brazil/oculos-de-sol/RB2228Mrb2228m%20scuderia%20ferrari%20collection-preto/8056262889015
Óculos de Sol,OUTDOORSMAN,"R$ 990,00",https://www.ray-ban.com/brazil/oculos-de-sol/RB3030outdoorsman-preto/805289695004
Óculos de Sol,YEVI BIO-BASED,"R$ 950,00",https://www.ray-ban.com/brazil/oculos-de-sol/RB3728yevi%20bio-based-ouro-claro/8056262017043
Óculos de Sol,CLUBMASTER FLECK,"R$ 1.050,00",https://www.ray-ban.com/brazil/oculos-de-sol/RB3016clubmaster%20fleck-marrom%20e%20azul/8053672973334
Óculos de Sol,RB4414M SCUDERIA FERRARI COLLECTION,"R$ 1.120,00",https://www.ray-ban.com/brazil/oculos-de-sol/RB4414Mrb4414m%20scuderia%20ferrari%20collection-preto/8056597929349
Óculos de Sol,RB3719,"R$ 945,00",https://www.ray-ban.com/brazil/oculos-de-sol/RB3719rb3719-chumbo/8056597935647
Óculos de Sol,RB3673M SCUDERIA FERRARI COLLECTION,"R$ 1.180,00",https://www.ray-ban.com/brazil/oculos-de-sol/RB3673M%20UNISEX%20rb3673m%20scuderia%20ferrari%20collection-preto/8056597382717
Óculos de Sol,RB3765,"R$ 1.050,00",https://www.ray-ban.com/brazil/oculos-de-sol/RB3765rb3765-preto/8056262895467
Óculos de Sol,RB4476 BIO-BASED,"R$ 730,00",https://www.ray-ban.com/brazil/oculos-de-sol/RB4476Lrb4476%20bio-based-preto%20brilhante/7895653352438
Óculos de Sol,RB3947,"R$ 990,00",https://www.ray-ban.com/brazil/oculos-de-sol/RB3947rb3947-chumbo/8056262564561
Óculos de Sol,ORIGINAL WAYFARER BIO-BASED,"R$ 1.110,00",https://www.ray-ban.com/brazil/oculos-de-sol/RB2140original%20wayfarer%20bio-based-azul%20listrado/8056597695206
Óculos de Sol,RB3750,"R$ 920,00",https://www.ray-ban.com/brazil/oculos-de-sol/RB3750rb3750-chumbo/8056262246696
Óculos de Sol,THE OUTDOORSMAN BY DOLCE&GABBANA,"R$ 3.090,00",https://www.ray-ban.com/brazil/oculos-de-sol/RB3029Mthe%20outdoorsman%20by%20dolce&gabbana-dourado-arista/8056262900864
Óculos de Sol,STATE STREET FLECK,"R$ 1.110,00",https://www.ray-ban.com/brazil/oculos-de-sol/RB2186state%20street%20fleck-havana%20rosa/8056597559904
Óculos de Sol,MEGA CLUBMASTER,"R$ 1.064,00",https://www.ray-ban.com/brazil/oculos-de-sol/RB0316Smega%20clubmaster-azul%20sobre%20prata/8056597837095
Óculos de Sol,RB8329M SCUDERIA FERRARI COLLECTION,"R$ 1.750,00",https://www.ray-ban.com/brazil/oculos-de-sol/RB8329Mrb8329m%20scuderia%20ferrari%20collection-preto/8056262889206
Óculos de Sol,RAY-BAN STAR WARS™ – MASTER YODA WAYFARER,"R$ 1.290,00",https://www.ray-ban.com/brazil/oculos-de-sol/RB2140ray-ban%20star%20wars™%20–%20master%20yoda%20wayfarer-verde%20transparente/8056262848371
Óculos de Sol,RB4421D BIO-BASED,"R$ 830,00",https://www.ray-ban.com/brazil/oculos-de-sol/RB4421Drb4421d%20bio-based-preto/8056262080955
Óculos de Sol,ROUND METAL ROSE GOLD,"R$ 990,00",https://www.ray-ban.com/brazil/oculos-de-sol/RB3447round%20metal%20rose%20gold-ouro%20rosado/8056597858496
Óculos de Sol,COCKPIT,"R$ 990,00",https://www.ray-ban.com/brazil/oculos-de-sol/RB3362cockpit-chumbo/805289160908
Óculos de Sol,ROUND FLAT LENSES,"R$ 1.050,00",https://www.ray-ban.com/brazil/oculos-de-sol/RB3447Nround%20flat%20lenses-chumbo/8053672878257
Óculos de Sol,RB4362,"R$ 920,00",https://www.ray-ban.com/brazil/oculos-de-sol/RB4362%20UNISEX%20rb4362-havana/8056597519007
Óculos de Sol,RB4378,"R$ 890,00",https://www.ray-ban.com/brazil/oculos-de-sol/RB4378rb4378-transparente/8056597626866
Óculos de Sol,JUSTIN COLOR MIX,"R$ 830,00",https://www.ray-ban.com/brazil/oculos-de-sol/RB4165%20MALE%20justin%20color%20mix-transparente/8056597366854
Óculos de Sol,RB4372,"R$ 700,00",https://www.ray-ban.com/brazil/oculos-de-sol/RB4372Lrb4372-marrom%20translúcido/7895653256699
Óculos de Sol,MEGA WAYFARER BLACKED OUT COLLECTION,"R$ 1.470,00",https://www.ray-ban.com/brazil/oculos-de-sol/RB0840Smega%20wayfarer%20blacked%20out%20collection-preto/8056262537794
Óculos de Sol,RAY-BAN STAR WARS™ – THE MANDALORIAN OLYMPIAN DELUXE,"R$ 1.470,00",https://www.ray-ban.com/brazil/oculos-de-sol/RB3119Mray-ban%20star%20wars™%20–%20the%20mandalorian%20olympian%20deluxe-chumbo/8056262956670
Óculos de Sol,RB3449,"R$ 1.050,00",https://www.ray-ban.com/brazil/oculos-de-sol/RB3449%20UNISEX%20rb3449-dourado-arista/805289453024
Óculos de Sol,LADY BURBANK,"R$ 1.050,00",https://www.ray-ban.com/brazil/oculos-de-sol/RB2299lady%20burbank-preto/8056262895535
Óculos de Sol,RB8329M SCUDERIA FERARRI COLLECTION,"R$ 1.630,00",https://www.ray-ban.com/brazil/oculos-de-sol/RB8329Mrb8329m%20scuderia%20ferarri%20collection-preto%20fosco/8056262889176
Óculos de Sol,RB3768 TRANSITIONS ® COLOR TOUCH ™ LENSES,"R$ 1.410,00",https://www.ray-ban.com/brazil/oculos-de-sol/RB3768rb3768%20transitions%20®%20color%20touch%20™%20lenses-prata/8056262829295
Óculos de Sol,OCTAGONAL CLASSIC,"R$ 990,00",https://www.ray-ban.com/brazil/oculos-de-sol/RB3556Noctagonal%20classic-dourado-arista/8053672672725
Óculos de Sol,RB4417L,"R$ 820,00",https://www.ray-ban.com/brazil/oculos-de-sol/RB4417Lrb4417l-havana-escuro/7895653279742
Óculos de Sol,RB3767 TRANSITIONS ® COLOR TOUCH ™ LENSES,"R$ 1.410,00",https://www.ray-ban.com/brazil/oculos-de-sol/RB3767rb3767%20transitions%20®%20color%20touch%20™%20lenses-prata/8056262829264
Óculos de Sol,RB4461D,"R$ 830,00",https://www.ray-ban.com/brazil/oculos-de-sol/RB4461Drb4461d-preto/8056262848258
Óculos de Sol,RB4379D,"R$ 830,00",https://www.ray-ban.com/brazil/oculos-de-sol/RB4379Drb4379d-cinza%20transparente/8056597665568
Óculos de Sol,RB4436D BIO-BASED,"R$ 830,00",https://www.ray-ban.com/brazil/oculos-de-sol/RB4436Drb4436d%20bio-based-preto/8056262085936
Óculos de Sol,RB4433M SCUDERIA FERRARI COLLECTION,"R$ 1.240,00",https://www.ray-ban.com/brazil/oculos-de-sol/RB4433Mrb4433m%20scuderia%20ferrari%20collection-preto/8056262012055
Óculos de Sol,RB2213,"R$ 686,00",https://www.ray-ban.com/brazil/oculos-de-sol/RB2213rb2213-havana/marrom/8056262282847
Óculos de Sol,RB3751,"R$ 728,00",https://www.ray-ban.com/brazil/oculos-de-sol/RB3751rb3751-cobre/8056262295472
Óculos de Sol,RB4383,"R$ 700,00",https://www.ray-ban.com/brazil/oculos-de-sol/RB4383Lrb4383-bege/7895653251922
Óculos de Sol,NEW WAYFARER COLOR MIX,"R$ 736,00",https://www.ray-ban.com/brazil/oculos-de-sol/RB2132new%20wayfarer%20color%20mix-cinza%20listrado/8056597364928
Óculos de Sol,KILIANE PUFFER,"R$ 1.050,00",https://www.ray-ban.com/brazil/oculos-de-sol/RB4944kiliane%20puffer-marrom-escuro%20transparente/8056262962091
Óculos de Sol,THE SHOOTER BY DOLCE&GABBANA,"R$ 2.970,00",https://www.ray-ban.com/brazil/oculos-de-sol/RB3138Mthe%20shooter%20by%20dolce&gabbana-dourado-arista/8056262901144
Óculos de Sol,RB2215,"R$ 854,00",https://www.ray-ban.com/brazil/oculos-de-sol/RB2215rb2215-havana/8056262495230
Óculos de Sol,AVIATOR MAX SUMMER CAPSULE,"R$ 1.050,00",https://www.ray-ban.com/brazil/oculos-de-sol/RB3925aviator%20max%20summer%20capsule-chumbo/8056262897591
Óculos de Sol,RB3819M SCUDERIA FERRARI COLLECTION,"R$ 1.370,00",https://www.ray-ban.com/brazil/oculos-de-sol/RB3819Mrb3819m%20scuderia%20ferrari%20collection-preto/8056262889107
Óculos de Sol,RB3930 LIMITED BY A$AP ROCKY,"R$ 4.060,00",https://www.ray-ban.com/brazil/oculos-de-sol/RB3930rb3930%20limited%20by%20asap%20rocky-dourado-arista/8056262905609
Óculos de Sol,RB3789M SCUDERIA FERRARI COLLECTION,"R$ 1.750,00",https://www.ray-ban.com/brazil/oculos-de-sol/RB3789Mrb3789m%20scuderia%20ferrari%20collection-prata/8056262889114
Óculos de Sol,ALIX BIO-BASED,"R$ 830,00",https://www.ray-ban.com/brazil/oculos-de-sol/RB3781alix%20bio-based-prata/8056262889299
Óculos de Sol,WAYFARER PUFFER CRYSTAL PAVÈ EDITION,"R$ 3.640,00",https://www.ray-ban.com/brazil/oculos-de-sol/RB4940BPwayfarer%20puffer%20crystal%20pavè%20edition-preto/8056262910597
Óculos de Sol,WAYFARER PUFFER CRYSTAL EDITION,"R$ 1.520,00",https://www.ray-ban.com/brazil/oculos-de-sol/RB4940Bwayfarer%20puffer%20crystal%20edition-preto/8056262910580
Óculos de Sol,RB4448L,"R$ 700,00",https://www.ray-ban.com/brazil/oculos-de-sol/RB4448Lrb4448l-havana-escuro/7895653328600
Óculos de Sol,RB3503,"R$ 700,00",https://www.ray-ban.com/brazil/oculos-de-sol/RB3503L%20MALE%20rb3503-preto/7891318421563
Óculos de Sol,RB4437,"R$ 760,00",https://www.ray-ban.com/brazil/oculos-de-sol/RB4437Lrb4437-rosa%20transparente%20brilhante/7895653335882
Óculos de Sol,WAYFARER PUFFER SPECIAL COLLECTION,"R$ 1.170,00",https://www.ray-ban.com/brazil/oculos-de-sol/RB4940wayfarer%20puffer%20special%20collection-rosa/8056262916094
Óculos de Sol,MARSHAL II,"R$ 1.110,00",https://www.ray-ban.com/brazil/oculos-de-sol/RB3648Mmarshal%20ii-dourado-arista/8056597073172
Óculos de Sol,OVAL METAL SUMMER CAPSULE,"R$ 990,00",https://www.ray-ban.com/brazil/oculos-de-sol/RB3547oval%20metal%20summer%20capsule-dourado-arista/8056262484067
Óculos de Sol,RB4288,"R$ 760,00",https://www.ray-ban.com/brazil/oculos-de-sol/RB4288L%20MALE%20rb4288-preto/7895653175044
Óculos de Sol,MEGA CLUBMASTER BLACKED OUT COLLECTION,"R$ 1.470,00",https://www.ray-ban.com/brazil/oculos-de-sol/RB0316Smega%20clubmaster%20blacked%20out%20collection-preto%20sobre%20ouro/8056262536063
Óculos de Sol,RAY-BAN STAR WARS™ – GROGU MEGA WAYFARER II,"R$ 1.350,00",https://www.ray-ban.com/brazil/oculos-de-sol/RB0832Sray-ban%20star%20wars™%20–%20grogu%20mega%20wayfarer%20ii-bege/8056262956588
Óculos de Sol,ANDY,"R$ 830,00",https://www.ray-ban.com/brazil/oculos-de-sol/RB4202andy-preto/8053672188868
Óculos de Sol,CLUBMASTER MARBLE,"R$ 990,00",https://www.ray-ban.com/brazil/oculos-de-sol/RB3016clubmaster%20marble-preto/8056597260275
Óculos de Sol,JIM,"R$ 1.050,00",https://www.ray-ban.com/brazil/oculos-de-sol/RB3694jim-preto%20sobre%20arista/8056262302446
Óculos de Sol,RB3717,"R$ 1.050,00",https://www.ray-ban.com/brazil/oculos-de-sol/RB3717rb3717-ouro/8056597835718
Óculos de Sol,RB4259,"R$ 920,00",https://www.ray-ban.com/brazil/oculos-de-sol/RB4259%20MALE%20rb4259-preto/8053672602432
Óculos de Sol,ROUND METAL LEGEND GOLD,"R$ 752,00",https://www.ray-ban.com/brazil/oculos-de-sol/RB3447%20MALE%20round%20metal%20legend%20gold-ouro/8056597365130
Óculos de Sol,WINGS,"R$ 1.120,00",https://www.ray-ban.com/brazil/oculos-de-sol/RB3597%20UNISEX%20wings-dourado-arista/8053672919523
Óculos de Sol,AVIATOR LARGE METAL II,"R$ 990,00",https://www.ray-ban.com/brazil/oculos-de-sol/RB3025aviator%20large%20metal%20ii-preto/805289628217
Óculos de Sol,ULTRA WRAP 003 NEXT GENERATION COLLECTION,"R$ 2.950,00",https://www.ray-ban.com/brazil/oculos-de-sol/RB4941ultra%20wrap%20003%20next%20generation%20collection-azul/8056262665886
Óculos de Sol,RB3699,"R$ 980,00",https://www.ray-ban.com/brazil/oculos-de-sol/RB3699rb3699-dourado-arista/8056597719575
Óculos de Sol,ERIKA METAL EVOLVE,"R$ 707,00",https://www.ray-ban.com/brazil/oculos-de-sol/RB3539erika%20metal%20evolve-preto/8056597445962
Óculos de Sol,RB3588,"R$ 920,00",https://www.ray-ban.com/brazil/oculos-de-sol/RB3588rb3588-preto%20emborrachado/8056597036184
Óculos de Sol,RB3762M SCUDERIA FERRARI COLLECTION,"R$ 1.183,00",https://www.ray-ban.com/brazil/oculos-de-sol/RB3762Mrb3762m%20scuderia%20ferrari%20collection-prata/8056262483404
Óculos de Sol,RB8395M SCUDERIA FERRARI COLLECTION,"R$ 2.960,00",https://www.ray-ban.com/brazil/oculos-de-sol/RB8395M%20UNISEX%20rb8395m%20scuderia%20ferrari%20collection-preto/8056597217514
Óculos de Sol,RAY-BAN STAR WARS™ – THE REBEL ALLIANCE MEGA WAYFARER,"R$ 1.350,00",https://www.ray-ban.com/brazil/oculos-de-sol/RB0840Sray-ban%20star%20wars™%20–%20the%20rebel%20alliance%20mega%20wayfarer-marrom-claro%20transparente/8056262848364
Óculos de Sol,RB3775M SCUDERIA FERRARI COLLECTION,"R$ 1.430,00",https://www.ray-ban.com/brazil/oculos-de-sol/RB3775Mrb3775m%20scuderia%20ferrari%20collection-ouro%20rosado/8056262668559
Óculos de Sol,AVIATOR FLASH LENSES GRADIENT,"R$ 1.110,00",https://www.ray-ban.com/brazil/oculos-de-sol/RB3025aviator%20flash%20lenses%20gradient-preto/8053672561456
Óculos de Sol,ROUND METAL ANTIQUED,"R$ 990,00",https://www.ray-ban.com/brazil/oculos-de-sol/RB3447round%20metal%20antiqued-chumbo/8056597549059
Óculos de Sol,RB3715M SCUDERIA FERRARI COLLECTION,"R$ 1.240,00",https://www.ray-ban.com/brazil/oculos-de-sol/RB3715Mrb3715m%20scuderia%20ferrari%20collection-preto/8056597852708
Óculos de Sol,RB3707,"R$ 990,00",https://www.ray-ban.com/brazil/oculos-de-sol/RB3707rb3707-preto/8056597834339
Óculos de Sol,OUTDOORSMAN,"R$ 990,00",https://www.ray-ban.com/brazil/oculos-de-sol/RB3030outdoorsman%20|%20aviation%20collection-dourado-arista/8056597316620
Óculos de Sol,AVIATOR HAVANA COLLECTION,"R$ 1.050,00",https://www.ray-ban.com/brazil/oculos-de-sol/RB3025aviator%20havana%20collection-dourado-arista/8053672495171
Óculos de Sol,RB3721,"R$ 1.120,00",https://www.ray-ban.com/brazil/oculos-de-sol/RB3721rb3721-preto%20sobre%20preto/8056597936620
Óculos de Sol,AVIATOR LARGE METAL II,"R$ 990,00",https://www.ray-ban.com/brazil/oculos-de-sol/RB3026aviator%20large%20metal%20ii-dourado-arista/805289628460
Óculos de Sol,RB2217M SCUDERIA FERRARI COLLECTION,"R$ 1.092,00",https://www.ray-ban.com/brazil/oculos-de-sol/RB2217Mrb2217m%20scuderia%20ferrari%20collection-havana%20vermelho/8056262477946
Óculos de Sol,MEGA WAYFARER SUMMER CAPSULE,"R$ 1.050,00",https://www.ray-ban.com/brazil/oculos-de-sol/RB0840Smega%20wayfarer%20summer%20capsule-havana/8056262484739
Óculos de Sol,WINGS II,"R$ 1.120,00",https://www.ray-ban.com/brazil/oculos-de-sol/RB3697%20MALE%20wings%20ii-dourado-arista/8056597071499
Óculos de Sol,RB4195M SCUDERIA FERRARI COLLECTION,"R$ 1.500,00",https://www.ray-ban.com/brazil/oculos-de-sol/RB4195Mrb4195m%20scuderia%20ferrari%20collection-preto/8053672819755
Óculos de Sol,SHOOTER,"R$ 990,00",https://www.ray-ban.com/brazil/oculos-de-sol/RB3138shooter%20|%20aviation%20collection-dourado-arista/8056597316637
Óculos de Sol,AVIATOR EXTRA SMALL,"R$ 990,00",https://www.ray-ban.com/brazil/oculos-de-sol/RB3025aviator%20extra%20small-dourado-arista/805289602071
Óculos de Sol,CLUBMASTER FLASH LENSES,"R$ 1.110,00",https://www.ray-ban.com/brazil/oculos-de-sol/RB3016clubmaster%20flash%20lenses-havana%20sobre%20ouro/8053672226973
Óculos de Sol,JORGE,"R$ 1.810,00",https://www.ray-ban.com/brazil/oculos-de-sol/RB7681Sjorge-verde%20listrado%20sobre%20verde/8056262033722
Óculos de Sol,RB3807M SCUDERIA FERRARI COLLECTION,"R$ 1.690,00",https://www.ray-ban.com/brazil/oculos-de-sol/RB3807Mrb3807m%20scuderia%20ferrari%20collection-azul-escovado%20com%20prateado/8056262221303
Óculos de Sol,RB3701,"R$ 1.120,00",https://www.ray-ban.com/brazil/oculos-de-sol/RB3701rb3701-preto/8056597728379
Óculos de Sol,RB3686,"R$ 1.120,00",https://www.ray-ban.com/brazil/oculos-de-sol/RB3686rb3686-preto/8056597625494
Óculos de Sol,AVIATOR,"R$ 990,00",https://www.ray-ban.com/brazil/oculos-de-sol/RB3025aviator%20|%20aviation%20collection-dourado-arista/8056597316675
Óculos de Sol,RB2132M SCUDERIA FERRARI COLLECTION,"R$ 1.120,00",https://www.ray-ban.com/brazil/oculos-de-sol/RB2132M%20UNISEX%20rb2132m%20scuderia%20ferrari%20collection-preto/8056597148450
Óculos de Sol,RAY-BAN STAR WARS™ – DARTH VADER BALORAMA,"R$ 1.340,00",https://www.ray-ban.com/brazil/oculos-de-sol/RB4089ray-ban%20star%20wars™%20–%20darth%20vader%20balorama-preto/8056262848395
Óculos de Sol,RB4288L,"R$ 820,00",https://www.ray-ban.com/brazil/oculos-de-sol/RB4288Lrb4288l-preto/7895653163799
Óculos de Sol,CLUBMASTER FOLDING,"R$ 1.560,00",https://www.ray-ban.com/brazil/oculos-de-sol/RB2176clubmaster%20folding-verde%20sobre%20ouro/8056597752602
Óculos de Sol,RB3756,"R$ 784,00",https://www.ray-ban.com/brazil/oculos-de-sol/RB3756rb3756-chumbo/8056262415337
Óculos de Sol,RB8336M SCUDERIA FERRARI COLLECTION,"R$ 1.183,00",https://www.ray-ban.com/brazil/oculos-de-sol/RB8336Mrb8336m%20scuderia%20ferrari%20collection-prata/8056262483923
Óculos de Sol,RB3754,"R$ 854,00",https://www.ray-ban.com/brazil/oculos-de-sol/RB3754rb3754-havana%20fosco%20sobre%20dourado-arista%20fosco/8056262416112
Óculos de Sol,RB4339D,"R$ 830,00",https://www.ray-ban.com/brazil/oculos-de-sol/RB4439Drb4339d-preto/8056262268964
Óculos de Sol,ROUND FLASH LENSES,"R$ 1.128,00",https://www.ray-ban.com/brazil/oculos-de-sol/RB3447round%20flash%20lenses-ouro/8053672666984
Óculos de Sol,RB2206D,"R$ 980,00",https://www.ray-ban.com/brazil/oculos-de-sol/RB2206Drb2206d-transparente/8056262042748
Óculos de Sol,RB4413M SCUDERIA FERRARI COLLECTION,"R$ 1.120,00",https://www.ray-ban.com/brazil/oculos-de-sol/RB4413Mrb4413m%20scuderia%20ferrari%20collection-preto/8056597930468
Óculos de Sol,ORIGINAL WAYFARER CHANGE,"R$ 1.032,00",https://www.ray-ban.com/brazil/oculos-de-sol/RB2140original%20wayfarer%20change-fotocromática%20marrom%20listrada/8056262099247
Óculos de Sol,NEW WAYFARER FLASH,"R$ 1.040,00",https://www.ray-ban.com/brazil/oculos-de-sol/RB2132%20UNISEX%20new%20wayfarer%20flash-preto%20emborrachado/8053672394405
Óculos de Sol,RB8331M SCUDERIA FERRARI COLLECTION,"R$ 1.630,00",https://www.ray-ban.com/brazil/oculos-de-sol/RB8331Mrb8331m%20scuderia%20ferrari%20collection-dourado-arista/8056597853606
Óculos de Sol,RB3659M SCUDERIA FERRARI COLLECTION,"R$ 1.120,00",https://www.ray-ban.com/brazil/oculos-de-sol/RB3659M%20MALE%20rb3659m%20scuderia%20ferrari%20collection-preto/8056597148443
Óculos de Sol,MEGA WAYFARER BIO-BASED,"R$ 1.050,00",https://www.ray-ban.com/brazil/oculos-de-sol/RB0840Smega%20wayfarer%20bio-based-azul%20transparente/8056597856409
Óculos de Sol,RB3763M SCUDERIA FERRARI COLLECTION,"R$ 952,00",https://www.ray-ban.com/brazil/oculos-de-sol/RB3763Mrb3763m%20scuderia%20ferrari%20collection-ouro-pálido/8056262483879
Óculos de Sol,MEGA WAYFARER LIMITED,"R$ 1.032,00",https://www.ray-ban.com/brazil/oculos-de-sol/RB0840Smega%20wayfarer%20limited-verde%20transparente/8056597891257
Óculos de Sol,JACK POLARIZED+ LENSES,"R$ 1.184,00",https://www.ray-ban.com/brazil/oculos-de-sol/RB3565jack%20polarized+%20lenses-ouro%20rosado/8056597784047
Óculos de Sol,ROUND METAL POLARIZED+ LENSES,"R$ 1.184,00",https://www.ray-ban.com/brazil/oculos-de-sol/RB3447round%20metal%20polarized+%20lenses-chumbo/8056597965392
Óculos de Sol,NEW CARAVAN POLARIZED+ LENSES,"R$ 1.232,00",https://www.ray-ban.com/brazil/oculos-de-sol/RB3636new%20caravan%20polarized+%20lenses-ouro/8056597665131
Óculos de Sol,WAYFARER OVAL,"R$ 1.032,00",https://www.ray-ban.com/brazil/oculos-de-sol/RB2242wayfarer%20oval-havana%20listrado/8056262030882
Óculos de Sol,RB4452 POLARIZED+ LENSES LITEFORCE,"R$ 1.162,00",https://www.ray-ban.com/brazil/oculos-de-sol/RB4452CHrb4452%20polarized+%20lenses%20liteforce-marrom%20areado/8056262484227
Óculos de Sol,NEW CLUBMASTER POLARIZED+ LENSES,"R$ 1.184,00",https://www.ray-ban.com/brazil/oculos-de-sol/RB4416new%20clubmaster%20polarized+%20lenses-azul%20sobre%20prata/8056597721400
Óculos de Sol,CLUBMASTER POLARIZED+ LENSES,"R$ 1.184,00",https://www.ray-ban.com/brazil/oculos-de-sol/RB3016clubmaster%20polarized+%20lenses-verde%20sobre%20ouro/8056597848121
Óculos de Sol,RB4443M SCUDERIA FERRARI COLLECTION POLARIZED+ LENSES,"R$ 1.302,00",https://www.ray-ban.com/brazil/oculos-de-sol/RB4443Mrb4443m%20scuderia%20ferrari%20collection%20polarized+%20lenses-preto/8056262221150
Óculos de Sol,STATE STREET @COLLECTION,"R$ 992,00",https://www.ray-ban.com/brazil/oculos-de-sol/RB2186%20UNISEX%20state%20street%20online%20exclusive-preto%20sobre%20transparente/8056597470261
Óculos de Sol,MAGELLAN BIO-BASED,"R$ 610,00",https://www.ray-ban.com/brazil/oculos-de-sol/RB4408magellan%20bio-based-cinza%20transparente/8056597936972
Óculos de Sol,DOREEN,"R$ 555,00",https://www.ray-ban.com/brazil/oculos-de-sol/RB2286doreen-havana%20vermelho%20com%20multicolorido%20transparente/8056262246368
Óculos de Sol,RB3809,"R$ 945,00",https://www.ray-ban.com/brazil/oculos-de-sol/RB3809rb3809-chumbo/8056597935944
Óculos de Sol,RB3732,"R$ 854,00",https://www.ray-ban.com/brazil/oculos-de-sol/RB3732rb3732-dourado-arista/8056262042175
Óculos de Sol,BALORETTE,"R$ 903,00",https://www.ray-ban.com/brazil/oculos-de-sol/RB2389balorette-havana/8056262246832
Óculos de Sol,BEATE,"R$ 675,00",https://www.ray-ban.com/brazil/oculos-de-sol/RB2212beate-havana/8056262031681
Óculos de Sol,BOYFRIEND REVERSE,"R$ 910,00",https://www.ray-ban.com/brazil/oculos-de-sol/RBR0501Sboyfriend%20reverse-havana%20listrado/8056262304853
Óculos de Sol,AVIATOR REVERSE,"R$ 1.040,00",https://www.ray-ban.com/brazil/oculos-de-sol/RBR0101Saviator%20reverse-chumbo/8056262301456
Óculos de Sol,ERIK,"R$ 945,00",https://www.ray-ban.com/brazil/oculos-de-sol/RB4398erik-havana/8056597828918
Óculos de Sol,RB3675,"R$ 854,00",https://www.ray-ban.com/brazil/oculos-de-sol/RB3675rb3675-preto/8056597432184
Óculos de Sol,EXPLORER V,"R$ 903,00",https://www.ray-ban.com/brazil/oculos-de-sol/RB3845explorer%20v-chumbo/8056262246153
Óculos de Sol,AVIATOR POLARIZED+ LENSES,"R$ 1.080,00",https://www.ray-ban.com/brazil/oculos-de-sol/RB3025aviator%20polarized+%20lenses-ouro/8056597662109
Óculos de Sol,JIM POLARIZED+ LENSES,"R$ 1.036,00",https://www.ray-ban.com/brazil/oculos-de-sol/RB3694jim%20polarized+%20lenses-ouro%20rosado/8056597767897
Óculos de Sol,ORIGINAL WAYFARER POLARIZED+ LENSES,"R$ 1.080,00",https://www.ray-ban.com/brazil/oculos-de-sol/RB2140original%20wayfarer%20polarized+%20lenses-rosa%20transparente/8056597662383
Óculos de Sol,DRIFTER,"R$ 987,00",https://www.ray-ban.com/brazil/oculos-de-sol/RB0360Sdrifter-havana/8056262031261
Óculos de Sol,RB3756 POLARIZED+ LENSES,"R$ 1.204,00",https://www.ray-ban.com/brazil/oculos-de-sol/RB3756CHrb3756%20polarized+%20lenses-dourado-arista/8056262415306
Óculos de Sol,NEW CLUBMASTER ONLINE ONLY LIMITED,"R$ 1.032,00",https://www.ray-ban.com/brazil/oculos-de-sol/RB4416new%20clubmaster%20online%20only%20limited-havana%20com%20ouro-rosé/8056262531952
Óculos de Sol,NEW ROUND POLARIZED+ LENSES,"R$ 1.128,00",https://www.ray-ban.com/brazil/oculos-de-sol/RB3637new%20round%20polarized+%20lenses-ouro/8056597665179
Óculos de Sol,XAN BIO-BASED,"R$ 415,00",https://www.ray-ban.com/brazil/oculos-de-sol/RB4431xan%20bio-based-maçã%20verde/8056262017753
Óculos de Sol,RB4607M SCUDERIA FERRARI COLLECTION POLARIZED+ LENSES,"R$ 930,00",https://www.ray-ban.com/brazil/oculos-de-sol/RB4607Mrb4607m%20scuderia%20ferrari%20collection%20polarized+%20lenses-azul/8056262011393
Óculos de Sol,AVIATOR METAL II POLARIZED+ LENSES,"R$ 1.080,00",https://www.ray-ban.com/brazil/oculos-de-sol/RB3689aviator%20metal%20ii%20polarized+%20lenses-chumbo/8056597260602
Óculos de Sol,THALIA TRANSITIONS®,"R$ 755,00",https://www.ray-ban.com/brazil/oculos-de-sol/RB2195thalia%20transitions®-havana%20sobre%20azul-claro/8056597769419
Óculos de Sol,MICHAEL TITANIUM,"R$ 1.946,00",https://www.ray-ban.com/brazil/oculos-de-sol/RB8096michael%20titanium-marrom-claro/8056597958455
Óculos de Sol,RAIMOND TRANSITIONS®,"R$ 800,00",https://www.ray-ban.com/brazil/oculos-de-sol/RB2231raimond%20transitions®-preto/8056262291733
Óculos de Sol,ORIGINAL WAYFARER CHANGE TRANSITIONS®,"R$ 1.520,00",https://www.ray-ban.com/brazil/oculos-de-sol/RB2140original%20wayfarer%20change%20transitions®-fotocromática%20cinza%20listrada/8056262099223
Óculos de Sol,LENNY KRAVITZ X AVIATOR REVERSE,"R$ 1.088,00",https://www.ray-ban.com/brazil/oculos-de-sol/RBR0101Slenny%20kravitz%20x%20aviator%20reverse-preto/8056262151297
Óculos de Sol,AVIATOR CLASSIC POLARIZED+ LENSES,"R$ 1.080,00",https://www.ray-ban.com/brazil/oculos-de-sol/RB3025aviator%20classic%20polarized+%20lenses-ouro/8056597260053
Óculos de Sol,RB3680D,"R$ 686,00",https://www.ray-ban.com/brazil/oculos-de-sol/RB3680Drb3680d-ouro%20rosado/8056597530880
Óculos de Sol,JACK ROSE GOLD,"R$ 752,00",https://www.ray-ban.com/brazil/oculos-de-sol/RB3565jack%20rose%20gold-ouro%20rosado/8056597856300
Óculos de Sol,RB3794M SCUDERIA FERRARI COLLECTION,"R$ 1.050,00",https://www.ray-ban.com/brazil/oculos-de-sol/RB3794Mrb3794m%20scuderia%20ferrari%20collection-prata/8056262012116
Óculos de Sol,HEXAGONAL BLUE-VIOLET LIGHT CLEAR,"R$ 792,00",https://www.ray-ban.com/brazil/oculos-de-sol/RB3548%20UNISEX%20hexagonal%20blue-violet%20light%20clear-ouro/8056597377362
Óculos de Sol,RB3743M SCUDERIA FERRARI COLLECTION,"R$ 1.050,00",https://www.ray-ban.com/brazil/oculos-de-sol/RB3743Mrb3743m%20scuderia%20ferrari%20collection-chumbo%20sobre%20chumbo/8056262011997
Óculos de Sol,RB4452 LITEFORCE,"R$ 826,00",https://www.ray-ban.com/brazil/oculos-de-sol/RB4452rb4452%20liteforce-preto%20areado/8056262481639
Óculos de Sol,JACK TITANIUM,"R$ 1.145,00",https://www.ray-ban.com/brazil/oculos-de-sol/RB8165jack%20titanium-ouro/8056597729918
Óculos de Sol,RB3732 TRANSITIONS®,"R$ 720,00",https://www.ray-ban.com/brazil/oculos-de-sol/RB3732rb3732%20transitions®-dourado-arista/8056262042243
Óculos de Sol,RB3809 TRANSITIONS®,"R$ 800,00",https://www.ray-ban.com/brazil/oculos-de-sol/RB3809rb3809%20transitions®-preto/8056597945974
Óculos de Sol,RB4429 TRANSITIONS®,"R$ 755,00",https://www.ray-ban.com/brazil/oculos-de-sol/RB4429rb4429%20transitions®-preto%20sobre%20ouro/8056597946025
Óculos de Sol,RB3765 TRANSITIONS®,"R$ 830,00",https://www.ray-ban.com/brazil/oculos-de-sol/RB3765rb3765%20transitions®-ouro/8056597949170
Óculos de Sol,RB3706,"R$ 693,00",https://www.ray-ban.com/brazil/oculos-de-sol/RB3706rb3706-preto/8056597835596
Óculos de Sol,NEW CARAVAN,"R$ 840,00",https://www.ray-ban.com/brazil/oculos-de-sol/RB3636new%20caravan-ouro/8056597641791
Óculos de Sol,BURBANK,"R$ 735,00",https://www.ray-ban.com/brazil/oculos-de-sol/RB2283burbank-preto/8056597556408
Óculos de Sol,RB3737,"R$ 784,00",https://www.ray-ban.com/brazil/oculos-de-sol/RB3737rb3737-chumbo/8056262041918
Óculos de Sol,FRANK TRANSITIONS®,"R$ 635,00",https://www.ray-ban.com/brazil/oculos-de-sol/RB3857frank%20transitions®-dourado-arista/8056597769273
Óculos de Sol,RB3733 TRANSITIONS®,"R$ 720,00",https://www.ray-ban.com/brazil/oculos-de-sol/RB3733rb3733%20transitions®-dourado-arista/8056262043547
Óculos de Sol,BALORAMA ONLINE ONLY LIMITED,"R$ 644,00",https://www.ray-ban.com/brazil/oculos-de-sol/RB4089balorama%20online%20only%20limited-cinza%20transparente/8056262544556
Óculos de Sol,RB3689 BI-GRADIENT,"R$ 840,00",https://www.ray-ban.com/brazil/oculos-de-sol/RB3689rb3689%20bi-gradient-dourado-arista/8056597549707
Óculos de Sol,PREDATOR LITEFORCE,"R$ 826,00",https://www.ray-ban.com/brazil/oculos-de-sol/RB4453predator%20liteforce-preto%20areado/8056262481738
Óculos de Sol,RB8313M SCUDERIA FERRARI COLLECTION,"R$ 1.141,00",https://www.ray-ban.com/brazil/oculos-de-sol/RB8313Mrb8313m%20scuderia%20ferrari%20collection-chumbo/8053672819588
Óculos de Sol,RB2230 TRANSITIONS®,"R$ 1.120,00",https://www.ray-ban.com/brazil/oculos-de-sol/RB2230rb2230%20transitions®-havana/8056262281932
Óculos de Sol,RB3697M SCUDERIA FERRARI COLLECTION,"R$ 959,00",https://www.ray-ban.com/brazil/oculos-de-sol/RB3697Mrb3697m%20scuderia%20ferrari%20collection-chumbo/8056262221679
Óculos de Sol,AVIATOR CLEAR EVOLVE,"R$ 936,00",https://www.ray-ban.com/brazil/oculos-de-sol/RB3025aviator%20clear%20evolve-dourado-arista/8056597366465
Óculos de Sol,AVIATOR SOLID EVOLVE,"R$ 776,00",https://www.ray-ban.com/brazil/oculos-de-sol/RB3025%20UNISEX%20aviator%20solid%20evolve-vermelho/8056597463614
Óculos de Sol,MEGA CLUBMASTER TRANSITIONS®,"R$ 1.248,00",https://www.ray-ban.com/brazil/oculos-de-sol/RB0316Smega%20clubmaster%20transitions®-preto%20sobre%20ouro/8056597852647
Óculos de Sol,ROUND METAL @COLLECTION,"R$ 760,00",https://www.ray-ban.com/brazil/oculos-de-sol/RB3447%20MALE%20round%20metal%20online%20exclusive-ouro/8056597409155
Óculos de Sol,WAYFARER CLEAR EVOLVE,"R$ 936,00",https://www.ray-ban.com/brazil/oculos-de-sol/RB2140wayfarer%20clear%20evolve-preto/8056597366885
Óculos de Sol,WAYFARER OVAL TRANSITIONS®,"R$ 1.208,00",https://www.ray-ban.com/brazil/oculos-de-sol/RB2242wayfarer%20oval%20transitions®-havana/8056262042359
Óculos de Sol,WAYFARER OVAL CHANGE TRANSITIONS®,"R$ 1.520,00",https://www.ray-ban.com/brazil/oculos-de-sol/RB2242wayfarer%20oval%20change%20transitions®-fotocromática%20ondas%20cinzas/8056262134047
Óculos de Sol,RB3754 TRANSITIONS®,"R$ 1.071,00",https://www.ray-ban.com/brazil/oculos-de-sol/RB3755rb3754%20transitions®-dourado-arista/8056262484944
Óculos de Sol,JACK TRANSITIONS®,"R$ 1.280,00",https://www.ray-ban.com/brazil/oculos-de-sol/RB3565jack%20transitions®-preto/8056597769211
Óculos de Sol,OLD AVIATOR TRANSITIONS®,"R$ 1.280,00",https://www.ray-ban.com/brazil/oculos-de-sol/RB3825old%20aviator%20transitions®-dourado-arista/8056262040102
Óculos de Sol,RB2217M HOME RACE SPECIAL EDITION 2025,"R$ 1.092,00",https://www.ray-ban.com/brazil/oculos-de-sol/RB2217Mrb2217m%20home%20race%20special%20edition%202025-transparente/8056262547571
Óculos de Sol,ROUND BLUE-VIOLET LIGHT CLEAR EVOLVE,"R$ 936,00",https://www.ray-ban.com/brazil/oculos-de-sol/RB3447round%20blue-violet%20light%20clear%20evolve-ouro/8056597377379
Óculos de Sol,BAIN BRIDGE TRANSITIONS®,"R$ 1.280,00",https://www.ray-ban.com/brazil/oculos-de-sol/RB3735bain%20bridge%20transitions®-dourado-arista/8056262043448
Óculos de Sol,WAYFARER OVAL CHANGE,"R$ 1.080,00",https://www.ray-ban.com/brazil/oculos-de-sol/RB2242wayfarer%20oval%20change-fotocromática%20ondas%20roxas/8056262134054
Óculos de Sol,RB4435 TRANSITIONS®,"R$ 720,00",https://www.ray-ban.com/brazil/oculos-de-sol/RB4435rb4435%20transitions®-preto/8056262044513
Óculos de Sol,RB3734 TRANSITIONS®,"R$ 720,00",https://www.ray-ban.com/brazil/oculos-de-sol/RB3734rb3734%20transitions®-dourado-arista/8056262041123
Óculos de Sol,LEWIS HAMILTON DRIVER SPECIAL EDITION 2026 - SCUDERIA FERRARI COLLECTION,"R$ 1.500,00",https://www.ray-ban.com/brazil/oculos-de-sol/RB4454Mlewis%20hamilton%20driver%20special%20edition%202026%20-%20scuderia%20ferrari%20collection-vermelho%20transparente/8056262906606
Óculos de Sol,SCUDERIA FERRARI MONZA LTD,"R$ 1.660,00",https://www.ray-ban.com/brazil/oculos-de-sol/RB4125Mscuderia%20ferrari%20monza%20ltd%20|%20rb4125m%20polarized+%20lenses-azul%20transparente/8056262671269
Óculos de Sol,OUTDOORSMAN HAVANA COLLECTION,"R$ 990,00",https://www.ray-ban.com/brazil/oculos-de-sol/RB3029outdoorsman%20havana%20collection-dourado-arista/8053672494433
Óculos de Sol,CHARLES LECLERC DRIVER SPECIAL EDITION 2026 - SCUDERIA FERRARI COLLECTION,"R$ 1.500,00",https://www.ray-ban.com/brazil/oculos-de-sol/RBR0502SMcharles%20leclerc%20driver%20special%20edition%202026%20-%20scuderia%20ferrari%20collection-transparente/8056262905968
Óculos de Sol,ULTRA WRAP 001 NEXT GENERATION COLLECTION,"R$ 3.070,00",https://www.ray-ban.com/brazil/oculos-de-sol/RB4943ultra%20wrap%20001%20next%20generation%20collection-preto/8056262666067
Óculos de Sol,ULTRA WRAP 002 NEXT GENERATION COLLECTION,"R$ 3.070,00",https://www.ray-ban.com/brazil/oculos-de-sol/RB4942ultra%20wrap%20002%20next%20generation%20collection-preto/8056262666111
Óculos de Sol,AVIATOR MAX HOLIDAY LIMITED,"R$ 1.050,00",https://www.ray-ban.com/brazil/oculos-de-sol/RB3925aviator%20max%20holiday%20limited-ouro/8056262675946
Óculos de Sol,KHAL BIO-BASED ONLINE ONLY LIMITED,"R$ 830,00",https://www.ray-ban.com/brazil/oculos-de-sol/RB4472khal%20bio-based%20online%20only%20limited-havana%20violeta/8056262948606
Óculos de Sol,RB4441D YEAR OF THE HORSE EDITION,"R$ 830,00",https://www.ray-ban.com/brazil/oculos-de-sol/RB4441Drb4441d%20year%20of%20the%20horse%20edition-marrom-escuro%20total/8056262844649
Óculos de Sol,FERRARI 499P – HYPERCAR,"R$ 820,00",https://www.ray-ban.com/brazil/oculos-de-sol/RB3703Mferrari%20499p%20–%20hypercar%20|%20limited%20edition%20polarized+%20lenses-preto%20fosco/8056262225851
Óculos de Sol,CLUBMASTER @COLLECTION,"R$ 1.024,00",https://www.ray-ban.com/brazil/oculos-de-sol/RB3016%20UNISEX%20clubmaster%20online%20exclusive-preto/8053672614008
Óculos de Sol,ERIKA @COLLECTION,"R$ 856,00",https://www.ray-ban.com/brazil/oculos-de-sol/RB4171%20UNISEX%20erika%20online%20exclusive-havana/8053672610451
Óculos de Sol,SHOOTER RELOADED,"R$ 944,00",https://www.ray-ban.com/brazil/oculos-de-sol/RB3138shooter%20reloaded-preto/8056597897662
Óculos de Sol,SCUDERIA FERRARI MONZA LTD,"R$ 1.660,00",https://www.ray-ban.com/brazil/oculos-de-sol/RB8395Mscuderia%20ferrari%20monza%20ltd%20|%20rb8395m-carbono-escuro%20e%20amarelado/8056262317662
Óculos de Sol,RB4423D YEAR OF THE SNAKE EDITION,"R$ 445,00",https://www.ray-ban.com/brazil/oculos-de-sol/RB4423Drb4423d%20year%20of%20the%20snake%20edition-preto/8056262413357
Óculos de Sol,HEXAGONAL @COLLECTION,"R$ 712,00",https://www.ray-ban.com/brazil/oculos-de-sol/RB3548N%20UNISEX%20hexagonal%20online%20exclusive-chumbo/8056597521833
Óculos de Sol,RB4195M SCUDERIA FERRARI SPAIN LTD,"R$ 675,00",https://www.ray-ban.com/brazil/oculos-de-sol/RB4195Mrb4195m%20scuderia%20ferrari%20spain%20ltd-preto/8056597912792
Óculos de Sol,DADDY-O SUMMER CELEBRATION LIMITED,"R$ 410,00",https://www.ray-ban.com/brazil/oculos-de-sol/RB2016daddy-o%20summer%20celebration%20limited-preto/8056262005286
Óculos de Sol,RB3707 REVISITED,"R$ 495,00",https://www.ray-ban.com/brazil/oculos-de-sol/RB3707rb3707%20revisited-dourado-arista/8056262317792
Óculos de Sol,BILL BIO-BASED EARTH DAY LIMITED,"R$ 470,00",https://www.ray-ban.com/brazil/oculos-de-sol/RB2198bill%20bio-based%20earth%20day%20limited-azul%20bio%20transparente/8056262150924
Óculos de Sol,SQUARE 1971 CLASSIC,"R$ 430,00",https://www.ray-ban.com/brazil/oculos-de-sol/RB1971square%201971%20classic-dourado-arista/8056597243216
Óculos de Sol,ORIGINAL WAYFARER @COLLECTION,"R$ 752,00",https://www.ray-ban.com/brazil/oculos-de-sol/RB2140%20UNISEX%20original%20wayfarer%20online%20exclusive-preto/8053672517439
Óculos de Sol,SCUDERIA FERRARI MONACO LTD,"R$ 705,00",https://www.ray-ban.com/brazil/oculos-de-sol/RB4195Mscuderia%20ferrari%20monaco%20ltd%20|%20customized%20by%20charles%20leclerc-cinza/8056597912761
Óculos de Sol,CORRIGAN BIO-BASED FALL LIMITED,"R$ 460,00",https://www.ray-ban.com/brazil/oculos-de-sol/RB4397corrigan%20bio-based%20fall%20limited-marrom%20transparente/8056262317778
Óculos de Sol,INVERNESS @COLLECTION,"R$ 475,00",https://www.ray-ban.com/brazil/oculos-de-sol/RB2191inverness%20online%20exclusive-marrom-claro%20transparente/8056597691420
Óculos de Sol,ANH BIO-BASED LIMITED,"R$ 395,00",https://www.ray-ban.com/brazil/oculos-de-sol/RB3731anh%20bio-based%20limited-prata/8056262145739
Óculos de Sol,ZENA BIO-BASED LIMITED,"R$ 395,00",https://www.ray-ban.com/brazil/oculos-de-sol/RB4430zena%20bio-based%20limited-azul%20elétrico/8056262145531
Óculos de Sol,SCUDERIA FERRARI LAS VEGAS LTD,"R$ 770,00",https://www.ray-ban.com/brazil/oculos-de-sol/RB8331Mscuderia%20ferrari%20las%20vegas%20ltd%20|%20rb8331m-chumbo/8056597999571
Óculos de Sol,OVAL 1970 COLLECTOR DROPS LIMITED,"R$ 693,00",https://www.ray-ban.com/brazil/oculos-de-sol/RB1970oval%201970%20collector%20drops%20limited-dourado-arista/8056262675564
Óculos de Sol,WAYFARER HYPERCARBON 499P SCUDERIA FERRARI,"R$ 1.430,00",https://www.ray-ban.com/brazil/oculos-de-sol/RB0499Pwayfarer%20hypercarbon%20499p%20scuderia%20ferrari-vermelho-escuro/8056597965927
Óculos de Sol,AVIATOR @COLLECTION,"R$ 712,00",https://www.ray-ban.com/brazil/oculos-de-sol/RB3025%20UNISEX%20aviator%20online%20exclusive-dourado-arista/8053672517279
Óculos de Sol,SQUARE 1971 @COLLECTION,"R$ 440,00",https://www.ray-ban.com/brazil/oculos-de-sol/RB1971%20FEMALE%20square%201971%20online%20exclusive-chumbo/8056597293570
Óculos de Sol,NOMAD COLLECTOR DROPS LIMITED,"R$ 784,00",https://www.ray-ban.com/brazil/oculos-de-sol/RB2187nomad%20collector%20drops%20limited-havana%20listrado/8056262535035
Óculos de Sol,ORIGINAL WAYFARER COLORBLOCK TRANSITIONS®,"R$ 1.064,00",https://www.ray-ban.com/brazil/oculos-de-sol/RB2140original%20wayfarer%20colorblock%20transitions®-vermelho%20transparente/8056597721523
Óculos de Sol,ERIKA CLASSIC EXCLUSIVE,"R$ 712,00",https://www.ray-ban.com/brazil/oculos-de-sol/RB4171%20FEMALE%20erika%20classic%20exclusive-transparente/8056597539487
Óculos de Sol,WAYFARER REVERSE LIMITED,"R$ 848,00",https://www.ray-ban.com/brazil/oculos-de-sol/RBR0502Swayfarer%20reverse%20limited-verde%20transparente/8056262141724
Óculos de Sol,ARI BIO-BASED LIMITED,"R$ 581,00",https://www.ray-ban.com/brazil/oculos-de-sol/RB3758ari%20bio-based%20limited-chumbo/8056262537787
Óculos de Sol,WAYFARER WAY CHANGE HOLIDAY LIMITED,"R$ 1.032,00",https://www.ray-ban.com/brazil/oculos-de-sol/RB2241wayfarer%20way%20change%20holiday%20limited-fotocromática%20cinza%20listrada/8056262316658
Óculos de Sol,WAYFARER WAY WOMEN'S DAY LIMITED,"R$ 752,00",https://www.ray-ban.com/brazil/oculos-de-sol/RB2241wayfarer%20way%20women's%20day%20limited-havana%20sobre%20marrom%20transparente/8056262142837
